useCase,questionId,questionType,optionId,text_standard,text_kawaii,text_oshi,option_standard,option_kawaii,option_oshi,scoringRelevance,impactCategory,relevanceSummary,appears_in,is_orphan,mapTo,deltaSummary,tagSummary,gb_buy_delta,gb_stop_delta,gb_net_delta,sameAsStandard
basket,bq_decisiveness,single,careful,判断スタイルは？,判断スタイルは？,判断スタイルは？,慎重,慎重,慎重,basket_context_or_item_schema,,none,basket/core,false,,,,,,,true
basket,bq_decisiveness,single,quick,判断スタイルは？,判断スタイルは？,判断スタイルは？,即決,即決,即決,basket_context_or_item_schema,,none,basket/core,false,,,,,,,true
basket,bq_decisiveness,single,standard,判断スタイルは？,判断スタイルは？,判断スタイルは？,標準,標準,標準,basket_context_or_item_schema,,none,basket/core,false,,,,,,,true
basket,bq_hard_cap,single,flex,予算の上限は？,予算の上限は？,予算の上限は？,多少ならOK,多少ならOK,多少ならOK,basket_context_or_item_schema,,none,basket/core,false,,,,,,,true
basket,bq_hard_cap,single,strict,予算の上限は？,予算の上限は？,予算の上限は？,絶対超えない,絶対超えない,絶対超えない,basket_context_or_item_schema,,none,basket/core,false,,,,,,,true
basket,bq_hard_cap,single,undecided,予算の上限は？,予算の上限は？,予算の上限は？,未定,未定,未定,basket_context_or_item_schema,,none,basket/core,false,,,,,,,true
basket,bq_item_category,single,apparel,カテゴリ,カテゴリ,カテゴリ,アパレル,アパレル,アパレル,basket_context_or_item_schema,,none,basket/core,false,,,,,,,true
basket,bq_item_category,single,badge,カテゴリ,カテゴリ,カテゴリ,缶バッジ,缶バッジ,缶バッジ,basket_context_or_item_schema,,none,basket/core,false,,,,,,,true
basket,bq_item_category,single,book,カテゴリ,カテゴリ,カテゴリ,商業本,商業本,商業本,basket_context_or_item_schema,,none,basket/core,false,,,,,,,true
basket,bq_item_category,single,doujin,カテゴリ,カテゴリ,カテゴリ,同人誌,同人誌,同人誌,basket_context_or_item_schema,,none,basket/core,false,,,,,,,true
basket,bq_item_category,single,figure,カテゴリ,カテゴリ,カテゴリ,フィギュア,フィギュア,フィギュア,basket_context_or_item_schema,,none,basket/core,false,,,,,,,true
basket,bq_item_category,single,media_cd_bd,カテゴリ,カテゴリ,カテゴリ,CD/BD,CD/BD,CD/BD,basket_context_or_item_schema,,none,basket/core,false,,,,,,,true
basket,bq_item_category,single,other,カテゴリ,カテゴリ,カテゴリ,その他,その他,その他,basket_context_or_item_schema,,none,basket/core,false,,,,,,,true
basket,bq_item_category,single,random_blind,カテゴリ,カテゴリ,カテゴリ,ランダム/ブラインド,ランダム/ブラインド,ランダム/ブラインド,basket_context_or_item_schema,,none,basket/core,false,,,,,,,true
basket,bq_item_category,single,standee,カテゴリ,カテゴリ,カテゴリ,アクスタ,アクスタ,アクスタ,basket_context_or_item_schema,,none,basket/core,false,,,,,,,true
basket,bq_item_category,single,unknown,カテゴリ,カテゴリ,カテゴリ,不明,不明,不明,basket_context_or_item_schema,,none,basket/core,false,,,,,,,true
basket,bq_item_must_buy,single,no,必須購入？,必須購入？,必須購入？,いいえ,いいえ,いいえ,basket_context_or_item_schema,,none,basket/core,false,,,,,,,true
basket,bq_item_must_buy,single,yes,必須購入？,必須購入？,必須購入？,はい,はい,はい,basket_context_or_item_schema,,none,basket/core,false,,,,,,,true
basket,bq_item_name,text,,商品名,商品名,商品名,,,,basket_context_or_item_schema,,none,basket/core,false,,,,,,,true
basket,bq_item_price_jpy,number,,価格（円）,価格（円）,価格（円）,,,,basket_context_or_item_schema,,none,basket/core,false,,,,,,,true
basket,bq_item_rarity,single,high,再販の期待,再販の期待,再販の期待,高い,高い,高い,basket_context_or_item_schema,,none,basket/core,false,,,,,,,true
basket,bq_item_rarity,single,low,再販の期待,再販の期待,再販の期待,低い,低い,低い,basket_context_or_item_schema,,none,basket/core,false,,,,,,,true
basket,bq_item_rarity,single,mid,再販の期待,再販の期待,再販の期待,中くらい,中くらい,中くらい,basket_context_or_item_schema,,none,basket/core,false,,,,,,,true
basket,bq_item_rarity,single,unknown,再販の期待,再販の期待,再販の期待,不明,不明,不明,basket_context_or_item_schema,,none,basket/core,false,,,,,,,true
basket,bq_purpose,single,collection,今回の目的は？,今回の目的は？,今回の目的は？,コレクション,コレクション,コレクション,basket_context_or_item_schema,,none,basket/core,false,,,,,,,true
basket,bq_purpose,single,display,今回の目的は？,今回の目的は？,今回の目的は？,飾る,飾る,飾る,basket_context_or_item_schema,,none,basket/core,false,,,,,,,true
basket,bq_purpose,single,gift,今回の目的は？,今回の目的は？,今回の目的は？,プレゼント,プレゼント,プレゼント,basket_context_or_item_schema,,none,basket/core,false,,,,,,,true
basket,bq_purpose,single,itabag,今回の目的は？,今回の目的は？,今回の目的は？,痛バ,痛バ,痛バ,basket_context_or_item_schema,,none,basket/core,false,,,,,,,true
basket,bq_purpose,single,mixed,今回の目的は？,今回の目的は？,今回の目的は？,混在,混在,混在,basket_context_or_item_schema,,none,basket/core,false,,,,,,,true
basket,bq_purpose,single,reading,今回の目的は？,今回の目的は？,今回の目的は？,読む,読む,読む,basket_context_or_item_schema,,none,basket/core,false,,,,,,,true
basket,bq_shop_context,single,animate,どこで買う予定？,どこで買う予定？,どこで買う予定？,アニメイト,アニメイト,アニメイト,basket_context_or_item_schema,,none,basket/core,false,,,,,,,true
basket,bq_shop_context,single,event_venue,どこで買う予定？,どこで買う予定？,どこで買う予定？,イベント会場,イベント会場,イベント会場,basket_context_or_item_schema,,none,basket/core,false,,,,,,,true
basket,bq_shop_context,single,melonbooks,どこで買う予定？,どこで買う予定？,どこで買う予定？,メロンブックス,メロンブックス,メロンブックス,basket_context_or_item_schema,,none,basket/core,false,,,,,,,true
basket,bq_shop_context,single,online,どこで買う予定？,どこで買う予定？,どこで買う予定？,通販,通販,通販,basket_context_or_item_schema,,none,basket/core,false,,,,,,,true
basket,bq_shop_context,single,other,どこで買う予定？,どこで買う予定？,どこで買う予定？,その他,その他,その他,basket_context_or_item_schema,,none,basket/core,false,,,,,,,true
basket,bq_time_pressure,single,few_days,いつまでに決めたい？,いつまでに決めたい？,いつまでに決めたい？,数日以内,数日以内,数日以内,basket_context_or_item_schema,,none,basket/core,false,,,,,,,true
basket,bq_time_pressure,single,not_urgent,いつまでに決めたい？,いつまでに決めたい？,いつまでに決めたい？,急がない,急がない,急がない,basket_context_or_item_schema,,none,basket/core,false,,,,,,,true
basket,bq_time_pressure,single,today,いつまでに決めたい？,いつまでに決めたい？,いつまでに決めたい？,今日中,今日中,今日中,basket_context_or_item_schema,,none,basket/core,false,,,,,,,true
basket,bq_time_pressure,single,unknown,いつまでに決めたい？,いつまでに決めたい？,いつまでに決めたい？,わからない,わからない,わからない,basket_context_or_item_schema,,none,basket/core,false,,,,,,,true
basket,bq_total_budget_jpy,number,,今回の合計予算（円）は？,今回の合計予算（円）は？,今回の合計予算（円）は？,,,,basket_context_or_item_schema,,none,basket/core,false,,,,,,,true
game_billing,gb_q1_need,single,clear,今回の課金、目的ははっきりしてる？,今回の課金目的、はっきりしてる？,今回の課金目的、明確？,はっきりしている,はっきりしている,はっきりしている,contributes_to_buy_stop_mapping,,none,game_billing/long|game_billing/medium|game_billing/short,false,,,,2,0,2,false
game_billing,gb_q1_need,single,some,今回の課金、目的ははっきりしてる？,今回の課金目的、はっきりしてる？,今回の課金目的、明確？,なんとなくある,なんとなくある,なんとなくある,contributes_to_buy_stop_mapping,,none,game_billing/long|game_billing/medium|game_billing/short,false,,,,1,1,0,false
game_billing,gb_q1_need,single,unclear,今回の課金、目的ははっきりしてる？,今回の課金目的、はっきりしてる？,今回の課金目的、明確？,まだぼんやり,まだぼんやり,まだぼんやり,contributes_to_buy_stop_mapping,,none,game_billing/long|game_billing/medium|game_billing/short,false,,,,0,2,-2,false
game_billing,gb_q10_pity,single,far,天井（交換）までの距離は？,天井までの距離は？,天井距離はどの位置？,遠い/不明,遠い/不明,遠い/不明,contributes_to_buy_stop_mapping,,none,game_billing/q10_then_pity,false,,,,0,2,-2,false
game_billing,gb_q10_pity,single,mid,天井（交換）までの距離は？,天井までの距離は？,天井距離はどの位置？,中間くらい,中間くらい,中間くらい,contributes_to_buy_stop_mapping,,none,game_billing/q10_then_pity,false,,,,1,1,0,false
game_billing,gb_q10_pity,single,near,天井（交換）までの距離は？,天井までの距離は？,天井距離はどの位置？,近い,近い,近い,contributes_to_buy_stop_mapping,,none,game_billing/q10_then_pity,false,,,,2,0,2,false
game_billing,gb_q10_value,single,good,内容と価格のバランスはどう感じる？,内容の納得感は？,施策内容の納得感は？,納得感がある,納得感がある,納得感がある,contributes_to_buy_stop_mapping,,none,game_billing/long|game_billing/medium|game_billing/q10_else_value,false,,,,2,0,2,false
game_billing,gb_q10_value,single,low,内容と価格のバランスはどう感じる？,内容の納得感は？,施策内容の納得感は？,やや低い,やや低い,やや低い,contributes_to_buy_stop_mapping,,none,game_billing/long|game_billing/medium|game_billing/q10_else_value,false,,,,0,2,-2,false
game_billing,gb_q10_value,single,normal,内容と価格のバランスはどう感じる？,内容の納得感は？,施策内容の納得感は？,普通,普通,普通,contributes_to_buy_stop_mapping,,none,game_billing/long|game_billing/medium|game_billing/q10_else_value,false,,,,1,1,0,false
game_billing,gb_q2_type,single,gacha,課金タイプはどれ？,どのタイプに課金する？,どの施策を回す？,ガチャ,ガチャ,ガチャ案件,contributes_to_buy_stop_mapping,,none,game_billing/long|game_billing/medium|game_billing/short,false,,,,,,,false
game_billing,gb_q2_type,single,other,課金タイプはどれ？,どのタイプに課金する？,どの施策を回す？,その他,その他,その他,contributes_to_buy_stop_mapping,,none,game_billing/long|game_billing/medium|game_billing/short,false,,,,,,,false
game_billing,gb_q2_type,single,pack,課金タイプはどれ？,どのタイプに課金する？,どの施策を回す？,お得パック,お得パック,パック案件,contributes_to_buy_stop_mapping,,none,game_billing/long|game_billing/medium|game_billing/short,false,,,,,,,false
game_billing,gb_q2_type,single,pass,課金タイプはどれ？,どのタイプに課金する？,どの施策を回す？,月パス/継続系,月パス系,月パス系,contributes_to_buy_stop_mapping,,none,game_billing/long|game_billing/medium|game_billing/short,false,,,,,,,false
game_billing,gb_q2_type,single,skin,課金タイプはどれ？,どのタイプに課金する？,どの施策を回す？,スキン/見た目,スキン,スキン系,contributes_to_buy_stop_mapping,,none,game_billing/long|game_billing/medium|game_billing/short,false,,,,,,,false
game_billing,gb_q3_budget,single,easy,この金額、今月の範囲で無理なく払える？,お財布への負担はどう？,資金圧はどの程度？,無理なく払える,らくらく払える,余裕あり,contributes_to_buy_stop_mapping,,none,game_billing/long|game_billing/medium|game_billing/short,false,,,,3,0,3,false
game_billing,gb_q3_budget,single,hard,この金額、今月の範囲で無理なく払える？,お財布への負担はどう？,資金圧はどの程度？,ちょっと重い,ちょっと重い,圧が高い,contributes_to_buy_stop_mapping,,none,game_billing/long|game_billing/medium|game_billing/short,false,,,,0,3,-3,false
game_billing,gb_q3_budget,single,ok,この金額、今月の範囲で無理なく払える？,お財布への負担はどう？,資金圧はどの程度？,調整すれば払える,調整すればOK,調整で対応,contributes_to_buy_stop_mapping,,none,game_billing/long|game_billing/medium|game_billing/short,false,,,,1,1,0,false
game_billing,gb_q4_use,single,high,買ったあと、使うイメージはある？,使う見込みはどれくらい？,活用見込みはある？,かなりある,かなりある,かなりある,contributes_to_buy_stop_mapping,,none,game_billing/long|game_billing/medium|game_billing/short,false,,,,2,0,2,false
game_billing,gb_q4_use,single,low,買ったあと、使うイメージはある？,使う見込みはどれくらい？,活用見込みはある？,あまりない,あまりない,あまりない,contributes_to_buy_stop_mapping,,none,game_billing/long|game_billing/medium|game_billing/short,false,,,,0,2,-2,false
game_billing,gb_q4_use,single,some,買ったあと、使うイメージはある？,使う見込みはどれくらい？,活用見込みはある？,少しある,少しある,少しある,contributes_to_buy_stop_mapping,,none,game_billing/long|game_billing/medium|game_billing/short,false,,,,1,1,0,false
game_billing,gb_q5_now,single,calm,今の気分はどれに近い？,いまのテンションは？,いまの熱量は？,落ち着いている,落ち着いてる,平常,contributes_to_buy_stop_mapping,,none,game_billing/long|game_billing/medium|game_billing/short,false,,,,2,0,2,false
game_billing,gb_q5_now,single,rush,今の気分はどれに近い？,いまのテンションは？,いまの熱量は？,急いで決めたい,今すぐ決めたい,即断モード,contributes_to_buy_stop_mapping,,none,game_billing/long|game_billing/medium|game_billing/short,false,,,,0,2,-2,false
game_billing,gb_q5_now,single,up,今の気分はどれに近い？,いまのテンションは？,いまの熱量は？,少し高まっている,ちょい上がり,高まり中,contributes_to_buy_stop_mapping,,none,game_billing/long|game_billing/medium|game_billing/short,false,,,,1,1,0,false
game_billing,gb_q6_repeat,single,half,似た課金をして、満足したことが多い？,過去の課金、満足できた？,過去課金の満足度は？,半々,半々,半々,contributes_to_buy_stop_mapping,,none,game_billing/long|game_billing/medium,false,,,,1,1,0,false
game_billing,gb_q6_repeat,single,often,似た課金をして、満足したことが多い？,過去の課金、満足できた？,過去課金の満足度は？,満足したことが多い,満足したことが多い,満足したことが多い,contributes_to_buy_stop_mapping,,none,game_billing/long|game_billing/medium,false,,,,2,0,2,false
game_billing,gb_q6_repeat,single,rare,似た課金をして、満足したことが多い？,過去の課金、満足できた？,過去課金の満足度は？,満足しないことも多い,満足しないことも多い,満足しないことも多い,contributes_to_buy_stop_mapping,,none,game_billing/long|game_billing/medium,false,,,,0,2,-2,false
game_billing,gb_q7_alt,single,none,同じ予算で他に優先したいものはある？,他の手段はある？,代替手段はある？,特にない,特にない,特にない,contributes_to_buy_stop_mapping,,none,game_billing/long|game_billing/medium,false,,,,2,0,2,false
game_billing,gb_q7_alt,single,some,同じ予算で他に優先したいものはある？,他の手段はある？,代替手段はある？,少しある,少しある,少しある,contributes_to_buy_stop_mapping,,none,game_billing/long|game_billing/medium,false,,,,1,1,0,false
game_billing,gb_q7_alt,single,yes,同じ予算で他に優先したいものはある？,他の手段はある？,代替手段はある？,ある,ある,ある,contributes_to_buy_stop_mapping,,none,game_billing/long|game_billing/medium,false,,,,0,2,-2,false
game_billing,gb_q8_wait,single,drop,24時間待っても気持ちは変わらなさそう？,少し待つと気持ち変わりそう？,待機すると温度は変わる？,下がりそう,下がりそう,下がりそう,contributes_to_buy_stop_mapping,,none,game_billing/long|game_billing/medium,false,,,,0,2,-2,false
game_billing,gb_q8_wait,single,maybe,24時間待っても気持ちは変わらなさそう？,少し待つと気持ち変わりそう？,待機すると温度は変わる？,少し変わるかも,少し変わるかも,少し変わるかも,contributes_to_buy_stop_mapping,,none,game_billing/long|game_billing/medium,false,,,,1,1,0,false
game_billing,gb_q8_wait,single,same,24時間待っても気持ちは変わらなさそう？,少し待つと気持ち変わりそう？,待機すると温度は変わる？,変わらなさそう,変わらなさそう,変わらなさそう,contributes_to_buy_stop_mapping,,none,game_billing/long|game_billing/medium,false,,,,2,0,2,false
game_billing,gb_q9_info,single,done,必要な情報（確率/内容/期限）は確認できた？,必要な情報、確認できた？,必要情報の確認状況は？,確認できた,確認できた,確認できた,contributes_to_buy_stop_mapping,,none,game_billing/long|game_billing/medium,false,,,,2,0,2,false
game_billing,gb_q9_info,single,none,必要な情報（確率/内容/期限）は確認できた？,必要な情報、確認できた？,必要情報の確認状況は？,まだ,まだ,まだ,contributes_to_buy_stop_mapping,,none,game_billing/long|game_billing/medium,false,,,,0,2,-2,false
game_billing,gb_q9_info,single,part,必要な情報（確率/内容/期限）は確認できた？,必要な情報、確認できた？,必要情報の確認状況は？,一部だけ,一部だけ,一部だけ,contributes_to_buy_stop_mapping,,none,game_billing/long|game_billing/medium,false,,,,1,1,0,false
merch,q_addon_blind_draw_cap,single,fixed,くじ・ブラインドの回数上限は決めた？,回す回数の上限きめた？,回数上限（天井管理）は決めた？,決めた,決めた,決めた,none,survey_only,none,merch/long/blind_draw#gc=N/A,false,,,,,,,false
merch,q_addon_blind_draw_cap,single,none,くじ・ブラインドの回数上限は決めた？,回す回数の上限きめた？,回数上限（天井管理）は決めた？,まだ決めていない,まだ決めていない,まだ決めていない,none,survey_only,none,merch/long/blind_draw#gc=N/A,false,,,,,,,false
merch,q_addon_blind_draw_cap,single,rough,くじ・ブラインドの回数上限は決めた？,回す回数の上限きめた？,回数上限（天井管理）は決めた？,だいたい決めた,だいたい決めた,だいたい決めた,none,survey_only,none,merch/long/blind_draw#gc=N/A,false,,,,,,,false
merch,q_addon_blind_draw_exit,single,clear,撤退ライン（やめどき）はある？,やめどきライン、ある？,撤退ラインは設定済み？,明確にある,明確にある,明確にある,none,survey_only,none,merch/long/blind_draw#gc=N/A,false,,,,,,,false
merch,q_addon_blind_draw_exit,single,none,撤退ライン（やめどき）はある？,やめどきライン、ある？,撤退ラインは設定済み？,特にない,特にない,特にない,none,survey_only,none,merch/long/blind_draw#gc=N/A,false,,,,,,,false
merch,q_addon_blind_draw_exit,single,some,撤退ライン（やめどき）はある？,やめどきライン、ある？,撤退ラインは設定済み？,なんとなくある,なんとなくある,なんとなくある,none,survey_only,none,merch/long/blind_draw#gc=N/A,false,,,,,,,false
merch,q_addon_common_info,single,enough,必要情報は揃っている？,必要な情報、そろってる？,判断材料は十分に揃ってる？,十分そろっている,十分そろっている,十分そろっている,none,survey_only,none,merch/long/blind_draw#gc=N/A|merch/long/goods#gc=display_large|merch/long/goods#gc=itabag_badge|merch/long/goods#gc=paper|merch/long/goods#gc=small_collection|merch/long/goods#gc=tech|merch/long/goods#gc=wearable|merch/long/preorder#gc=display_large|merch/long/preorder#gc=itabag_badge|merch/long/preorder#gc=paper|merch/long/preorder#gc=small_collection|merch/long/preorder#gc=tech|merch/long/preorder#gc=wearable|merch/long/ticket#gc=N/A|merch/long/used#gc=display_large|merch/long/used#gc=itabag_badge|merch/long/used#gc=paper|merch/long/used#gc=small_collection|merch/long/used#gc=tech|merch/long/used#gc=wearable,false,,,,,,,false
merch,q_addon_common_info,single,lack,必要情報は揃っている？,必要な情報、そろってる？,判断材料は十分に揃ってる？,不足が多い,不足が多い,不足が多い,none,survey_only,none,merch/long/blind_draw#gc=N/A|merch/long/goods#gc=display_large|merch/long/goods#gc=itabag_badge|merch/long/goods#gc=paper|merch/long/goods#gc=small_collection|merch/long/goods#gc=tech|merch/long/goods#gc=wearable|merch/long/preorder#gc=display_large|merch/long/preorder#gc=itabag_badge|merch/long/preorder#gc=paper|merch/long/preorder#gc=small_collection|merch/long/preorder#gc=tech|merch/long/preorder#gc=wearable|merch/long/ticket#gc=N/A|merch/long/used#gc=display_large|merch/long/used#gc=itabag_badge|merch/long/used#gc=paper|merch/long/used#gc=small_collection|merch/long/used#gc=tech|merch/long/used#gc=wearable,false,,,,,,,false
merch,q_addon_common_info,single,partial,必要情報は揃っている？,必要な情報、そろってる？,判断材料は十分に揃ってる？,一部足りない,一部足りない,一部足りない,none,survey_only,none,merch/long/blind_draw#gc=N/A|merch/long/goods#gc=display_large|merch/long/goods#gc=itabag_badge|merch/long/goods#gc=paper|merch/long/goods#gc=small_collection|merch/long/goods#gc=tech|merch/long/goods#gc=wearable|merch/long/preorder#gc=display_large|merch/long/preorder#gc=itabag_badge|merch/long/preorder#gc=paper|merch/long/preorder#gc=small_collection|merch/long/preorder#gc=tech|merch/long/preorder#gc=wearable|merch/long/ticket#gc=N/A|merch/long/used#gc=display_large|merch/long/used#gc=itabag_badge|merch/long/used#gc=paper|merch/long/used#gc=small_collection|merch/long/used#gc=tech|merch/long/used#gc=wearable,false,,,,,,,false
merch,q_addon_common_priority,single,high,今月の推し活の中で優先度は？,今月の優先度は高い？,今月案件の中で優先度は？,高い,高い,高い,none,survey_only,none,merch/long/blind_draw#gc=N/A|merch/long/goods#gc=display_large|merch/long/goods#gc=itabag_badge|merch/long/goods#gc=paper|merch/long/goods#gc=small_collection|merch/long/goods#gc=tech|merch/long/goods#gc=wearable|merch/long/preorder#gc=display_large|merch/long/preorder#gc=itabag_badge|merch/long/preorder#gc=paper|merch/long/preorder#gc=small_collection|merch/long/preorder#gc=tech|merch/long/preorder#gc=wearable|merch/long/ticket#gc=N/A|merch/long/used#gc=display_large|merch/long/used#gc=itabag_badge|merch/long/used#gc=paper|merch/long/used#gc=small_collection|merch/long/used#gc=tech|merch/long/used#gc=wearable,false,,,,,,,false
merch,q_addon_common_priority,single,low,今月の推し活の中で優先度は？,今月の優先度は高い？,今月案件の中で優先度は？,低め,低め,低め,none,survey_only,none,merch/long/blind_draw#gc=N/A|merch/long/goods#gc=display_large|merch/long/goods#gc=itabag_badge|merch/long/goods#gc=paper|merch/long/goods#gc=small_collection|merch/long/goods#gc=tech|merch/long/goods#gc=wearable|merch/long/preorder#gc=display_large|merch/long/preorder#gc=itabag_badge|merch/long/preorder#gc=paper|merch/long/preorder#gc=small_collection|merch/long/preorder#gc=tech|merch/long/preorder#gc=wearable|merch/long/ticket#gc=N/A|merch/long/used#gc=display_large|merch/long/used#gc=itabag_badge|merch/long/used#gc=paper|merch/long/used#gc=small_collection|merch/long/used#gc=tech|merch/long/used#gc=wearable,false,,,,,,,false
merch,q_addon_common_priority,single,mid,今月の推し活の中で優先度は？,今月の優先度は高い？,今月案件の中で優先度は？,中くらい,中くらい,中くらい,none,survey_only,none,merch/long/blind_draw#gc=N/A|merch/long/goods#gc=display_large|merch/long/goods#gc=itabag_badge|merch/long/goods#gc=paper|merch/long/goods#gc=small_collection|merch/long/goods#gc=tech|merch/long/goods#gc=wearable|merch/long/preorder#gc=display_large|merch/long/preorder#gc=itabag_badge|merch/long/preorder#gc=paper|merch/long/preorder#gc=small_collection|merch/long/preorder#gc=tech|merch/long/preorder#gc=wearable|merch/long/ticket#gc=N/A|merch/long/used#gc=display_large|merch/long/used#gc=itabag_badge|merch/long/used#gc=paper|merch/long/used#gc=small_collection|merch/long/used#gc=tech|merch/long/used#gc=wearable,false,,,,,,,false
merch,q_addon_goods_collection_goal,single,complete_set,収集の目的は？,集める目的、どれが近い？,回収目的はどれに近い？,揃えたい,揃えたい,揃えたい,none,survey_only,none,merch/long/goods#gc=small_collection|merch/long/preorder#gc=small_collection|merch/long/used#gc=small_collection,false,,,,,,,false
merch,q_addon_goods_collection_goal,single,oshi_expression,収集の目的は？,集める目的、どれが近い？,回収目的はどれに近い？,推し表現したい,推し表現したい,推し表現したい,none,survey_only,none,merch/long/goods#gc=small_collection|merch/long/preorder#gc=small_collection|merch/long/used#gc=small_collection,false,,,,,,,false
merch,q_addon_goods_collection_goal,single,single_enough,収集の目的は？,集める目的、どれが近い？,回収目的はどれに近い？,1個で満足,1個で満足,1個で満足,none,survey_only,none,merch/long/goods#gc=small_collection|merch/long/preorder#gc=small_collection|merch/long/used#gc=small_collection,false,,,,,,,false
merch,q_addon_goods_collection_goal,single,unknown,収集の目的は？,集める目的、どれが近い？,回収目的はどれに近い？,未定,未定,未定,none,survey_only,none,merch/long/goods#gc=small_collection|merch/long/preorder#gc=small_collection|merch/long/used#gc=small_collection,false,,,,,,,false
merch,q_addon_goods_compare,single,done,同系統アイテムとの比較はできた？,似てるグッズと比べられた？,類似案件との比較は済んだ？,比較済み,比較済み,比較済み,none,survey_only,none,merch/long/goods#gc=display_large|merch/long/goods#gc=itabag_badge|merch/long/goods#gc=paper|merch/long/goods#gc=small_collection|merch/long/goods#gc=tech|merch/long/goods#gc=wearable,false,,,,,,,false
merch,q_addon_goods_compare,single,none,同系統アイテムとの比較はできた？,似てるグッズと比べられた？,類似案件との比較は済んだ？,まだ比較していない,まだ比較していない,まだ比較していない,none,survey_only,none,merch/long/goods#gc=display_large|merch/long/goods#gc=itabag_badge|merch/long/goods#gc=paper|merch/long/goods#gc=small_collection|merch/long/goods#gc=tech|merch/long/goods#gc=wearable,false,,,,,,,false
merch,q_addon_goods_compare,single,partial,同系統アイテムとの比較はできた？,似てるグッズと比べられた？,類似案件との比較は済んだ？,一部だけ比較した,一部だけ比較した,一部だけ比較した,none,survey_only,none,merch/long/goods#gc=display_large|merch/long/goods#gc=itabag_badge|merch/long/goods#gc=paper|merch/long/goods#gc=small_collection|merch/long/goods#gc=tech|merch/long/goods#gc=wearable,false,,,,,,,false
merch,q_addon_goods_display_move_risk,single,dont_mind,搬送・破損リスクは？,運ぶときの心配は？,搬送・破損リスクは？,気にしない,気にしない,気にしない,none,survey_only,none,merch/long/goods#gc=display_large|merch/long/preorder#gc=display_large|merch/long/used#gc=display_large,false,,,,,,,false
merch,q_addon_goods_display_move_risk,single,high,搬送・破損リスクは？,運ぶときの心配は？,搬送・破損リスクは？,強く気にする,強く気にする,強く気にする,none,survey_only,none,merch/long/goods#gc=display_large|merch/long/preorder#gc=display_large|merch/long/used#gc=display_large,false,,,,,,,false
merch,q_addon_goods_display_move_risk,single,some,搬送・破損リスクは？,運ぶときの心配は？,搬送・破損リスクは？,少し気にする,少し気にする,少し気にする,none,survey_only,none,merch/long/goods#gc=display_large|merch/long/preorder#gc=display_large|merch/long/used#gc=display_large,false,,,,,,,false
merch,q_addon_goods_display_move_risk,single,unknown,搬送・破損リスクは？,運ぶときの心配は？,搬送・破損リスクは？,未定,未定,未定,none,survey_only,none,merch/long/goods#gc=display_large|merch/long/preorder#gc=display_large|merch/long/used#gc=display_large,false,,,,,,,false
merch,q_addon_goods_display_space_plan,single,none,置き場計画はある？,置き場所プランある？,展示スペース計画は？,ない,ない,ない,none,survey_only,none,merch/long/goods#gc=display_large|merch/long/preorder#gc=display_large|merch/long/used#gc=display_large,false,,,,,,,false
merch,q_addon_goods_display_space_plan,single,rough,置き場計画はある？,置き場所プランある？,展示スペース計画は？,だいたいある,だいたいある,だいたいある,none,survey_only,none,merch/long/goods#gc=display_large|merch/long/preorder#gc=display_large|merch/long/used#gc=display_large,false,,,,,,,false
merch,q_addon_goods_display_space_plan,single,unknown,置き場計画はある？,置き場所プランある？,展示スペース計画は？,未定,未定,未定,none,survey_only,none,merch/long/goods#gc=display_large|merch/long/preorder#gc=display_large|merch/long/used#gc=display_large,false,,,,,,,false
merch,q_addon_goods_display_space_plan,single,yes,置き場計画はある？,置き場所プランある？,展示スペース計画は？,ある,ある,ある,none,survey_only,none,merch/long/goods#gc=display_large|merch/long/preorder#gc=display_large|merch/long/used#gc=display_large,false,,,,,,,false
merch,q_addon_goods_duplicate_tolerance,single,no,被り許容は？,同じのが出ても平気？,被り耐性は？,絶対嫌,絶対嫌,絶対嫌,none,survey_only,none,merch/long/goods#gc=small_collection|merch/long/preorder#gc=small_collection|merch/long/used#gc=small_collection,false,,,,,,,false
merch,q_addon_goods_duplicate_tolerance,single,ok,被り許容は？,同じのが出ても平気？,被り耐性は？,OK,OK,OK,none,survey_only,none,merch/long/goods#gc=small_collection|merch/long/preorder#gc=small_collection|merch/long/used#gc=small_collection,false,,,,,,,false
merch,q_addon_goods_duplicate_tolerance,single,slightly_dislike,被り許容は？,同じのが出ても平気？,被り耐性は？,少し嫌,少し嫌,少し嫌,none,survey_only,none,merch/long/goods#gc=small_collection|merch/long/preorder#gc=small_collection|merch/long/used#gc=small_collection,false,,,,,,,false
merch,q_addon_goods_duplicate_tolerance,single,unknown,被り許容は？,同じのが出ても平気？,被り耐性は？,未定,未定,未定,none,survey_only,none,merch/long/goods#gc=small_collection|merch/long/preorder#gc=small_collection|merch/long/used#gc=small_collection,false,,,,,,,false
merch,q_addon_goods_itabag_target,single,concrete,目標個数/完成イメージは？,完成イメージはどのくらい決まってる？,完成イメージの具体度は？,具体的にある,具体的にある,具体的にある,none,survey_only,none,merch/long/goods#gc=itabag_badge|merch/long/preorder#gc=itabag_badge|merch/long/used#gc=itabag_badge,false,,,,,,,false
merch,q_addon_goods_itabag_target,single,rough,目標個数/完成イメージは？,完成イメージはどのくらい決まってる？,完成イメージの具体度は？,だいたいある,だいたいある,だいたいある,none,survey_only,none,merch/long/goods#gc=itabag_badge|merch/long/preorder#gc=itabag_badge|merch/long/used#gc=itabag_badge,false,,,,,,,false
merch,q_addon_goods_itabag_target,single,unknown,目標個数/完成イメージは？,完成イメージはどのくらい決まってる？,完成イメージの具体度は？,未定,未定,未定,none,survey_only,none,merch/long/goods#gc=itabag_badge|merch/long/preorder#gc=itabag_badge|merch/long/used#gc=itabag_badge,false,,,,,,,false
merch,q_addon_goods_paper_care,single,file,紙もの、どう保管する？,紙もの、どうしまっておく？,紙もの保管プランある？,ファイル保管,ファイル保管,ファイル保管,none,survey_only,none,merch/long/goods#gc=paper|merch/long/preorder#gc=paper|merch/long/used#gc=paper,false,,,,,,,false
merch,q_addon_goods_paper_care,single,rough,紙もの、どう保管する？,紙もの、どうしまっておく？,紙もの保管プランある？,適当に保管,適当に保管,適当に保管,none,survey_only,none,merch/long/goods#gc=paper|merch/long/preorder#gc=paper|merch/long/used#gc=paper,false,,,,,,,false
merch,q_addon_goods_paper_care,single,scan,紙もの、どう保管する？,紙もの、どうしまっておく？,紙もの保管プランある？,スキャンする,スキャンする,スキャンする,none,survey_only,none,merch/long/goods#gc=paper|merch/long/preorder#gc=paper|merch/long/used#gc=paper,false,,,,,,,false
merch,q_addon_goods_paper_care,single,unknown,紙もの、どう保管する？,紙もの、どうしまっておく？,紙もの保管プランある？,未定,未定,未定,none,survey_only,none,merch/long/goods#gc=paper|merch/long/preorder#gc=paper|merch/long/used#gc=paper,false,,,,,,,false
merch,q_addon_goods_paper_view_freq,single,often,見返す頻度は？,あとで見返すことある？,見返し頻度は？,よく見る,よく見る,よく見る,none,survey_only,none,merch/long/goods#gc=paper|merch/long/preorder#gc=paper|merch/long/used#gc=paper,false,,,,,,,false
merch,q_addon_goods_paper_view_freq,single,rare,見返す頻度は？,あとで見返すことある？,見返し頻度は？,ほぼ見ない,ほぼ見ない,ほぼ見ない,none,survey_only,none,merch/long/goods#gc=paper|merch/long/preorder#gc=paper|merch/long/used#gc=paper,false,,,,,,,false
merch,q_addon_goods_paper_view_freq,single,sometimes,見返す頻度は？,あとで見返すことある？,見返し頻度は？,たまに見る,たまに見る,たまに見る,none,survey_only,none,merch/long/goods#gc=paper|merch/long/preorder#gc=paper|merch/long/used#gc=paper,false,,,,,,,false
merch,q_addon_goods_paper_view_freq,single,unknown,見返す頻度は？,あとで見返すことある？,見返し頻度は？,未定,未定,未定,none,survey_only,none,merch/long/goods#gc=paper|merch/long/preorder#gc=paper|merch/long/used#gc=paper,false,,,,,,,false
merch,q_addon_goods_portability,single,often,持ち歩き・使いどころの想定は？,使う場面、イメージできる？,運用シーンを想定できてる？,よく使う想定,よく使う想定,よく使う想定,none,survey_only,none,merch/long/goods#gc=display_large|merch/long/goods#gc=itabag_badge|merch/long/goods#gc=paper|merch/long/goods#gc=small_collection|merch/long/goods#gc=tech|merch/long/goods#gc=wearable,false,,,,,,,false
merch,q_addon_goods_portability,single,rare,持ち歩き・使いどころの想定は？,使う場面、イメージできる？,運用シーンを想定できてる？,ほぼ観賞用,ほぼ観賞用,ほぼ観賞用,none,survey_only,none,merch/long/goods#gc=display_large|merch/long/goods#gc=itabag_badge|merch/long/goods#gc=paper|merch/long/goods#gc=small_collection|merch/long/goods#gc=tech|merch/long/goods#gc=wearable,false,,,,,,,false
merch,q_addon_goods_portability,single,sometimes,持ち歩き・使いどころの想定は？,使う場面、イメージできる？,運用シーンを想定できてる？,時々使う想定,時々使う想定,時々使う想定,none,survey_only,none,merch/long/goods#gc=display_large|merch/long/goods#gc=itabag_badge|merch/long/goods#gc=paper|merch/long/goods#gc=small_collection|merch/long/goods#gc=tech|merch/long/goods#gc=wearable,false,,,,,,,false
merch,q_addon_goods_tech_after_use,single,maybe,現場後も使う？,現場のあとも使う？,現場後の運用予定は？,たぶん使う,たぶん使う,たぶん使う,none,survey_only,none,merch/long/goods#gc=tech|merch/long/preorder#gc=tech|merch/long/used#gc=tech,false,,,,,,,false
merch,q_addon_goods_tech_after_use,single,not_use,現場後も使う？,現場のあとも使う？,現場後の運用予定は？,使わない,使わない,使わない,none,survey_only,none,merch/long/goods#gc=tech|merch/long/preorder#gc=tech|merch/long/used#gc=tech,false,,,,,,,false
merch,q_addon_goods_tech_after_use,single,unknown,現場後も使う？,現場のあとも使う？,現場後の運用予定は？,未定,未定,未定,none,survey_only,none,merch/long/goods#gc=tech|merch/long/preorder#gc=tech|merch/long/used#gc=tech,false,,,,,,,false
merch,q_addon_goods_tech_after_use,single,use,現場後も使う？,現場のあとも使う？,現場後の運用予定は？,使う,使う,使う,none,survey_only,none,merch/long/goods#gc=tech|merch/long/preorder#gc=tech|merch/long/used#gc=tech,false,,,,,,,false
merch,q_addon_goods_tech_compat,single,checked,互換確認はした？,対応チェックできてる？,互換確認の進捗は？,確認済み,確認済み,確認済み,none,survey_only,none,merch/long/goods#gc=tech|merch/long/preorder#gc=tech|merch/long/used#gc=tech,false,,,,,,,false
merch,q_addon_goods_tech_compat,single,maybe,互換確認はした？,対応チェックできてる？,互換確認の進捗は？,たぶん大丈夫,たぶん大丈夫,たぶん大丈夫,none,survey_only,none,merch/long/goods#gc=tech|merch/long/preorder#gc=tech|merch/long/used#gc=tech,false,,,,,,,false
merch,q_addon_goods_tech_compat,single,unchecked,互換確認はした？,対応チェックできてる？,互換確認の進捗は？,未確認,未確認,未確認,none,survey_only,none,merch/long/goods#gc=tech|merch/long/preorder#gc=tech|merch/long/used#gc=tech,false,,,,,,,false
merch,q_addon_goods_tech_compat,single,unknown,互換確認はした？,対応チェックできてる？,互換確認の進捗は？,わからない,わからない,わからない,none,survey_only,none,merch/long/goods#gc=tech|merch/long/preorder#gc=tech|merch/long/used#gc=tech,false,,,,,,,false
merch,q_addon_goods_wear_fit,single,anxious,サイズ・雰囲気の相性は？,サイズや雰囲気、合いそう？,サイズ・雰囲気の適合度は？,不安,不安,不安,none,survey_only,none,merch/long/goods#gc=wearable|merch/long/preorder#gc=wearable|merch/long/used#gc=wearable,false,,,,,,,false
merch,q_addon_goods_wear_fit,single,confident,サイズ・雰囲気の相性は？,サイズや雰囲気、合いそう？,サイズ・雰囲気の適合度は？,自信ある,自信ある,自信ある,none,survey_only,none,merch/long/goods#gc=wearable|merch/long/preorder#gc=wearable|merch/long/used#gc=wearable,false,,,,,,,false
merch,q_addon_goods_wear_fit,single,iffy,サイズ・雰囲気の相性は？,サイズや雰囲気、合いそう？,サイズ・雰囲気の適合度は？,微妙,微妙,微妙,none,survey_only,none,merch/long/goods#gc=wearable|merch/long/preorder#gc=wearable|merch/long/used#gc=wearable,false,,,,,,,false
merch,q_addon_goods_wear_fit,single,unknown,サイズ・雰囲気の相性は？,サイズや雰囲気、合いそう？,サイズ・雰囲気の適合度は？,未定,未定,未定,none,survey_only,none,merch/long/goods#gc=wearable|merch/long/preorder#gc=wearable|merch/long/used#gc=wearable,false,,,,,,,false
merch,q_addon_goods_wear_freq,single,high,使う頻度は？,どのくらい使いそう？,運用頻度の見込みは？,高い,高い,高い,none,survey_only,none,merch/long/goods#gc=wearable|merch/long/preorder#gc=wearable|merch/long/used#gc=wearable,false,,,,,,,false
merch,q_addon_goods_wear_freq,single,low,使う頻度は？,どのくらい使いそう？,運用頻度の見込みは？,低い,低い,低い,none,survey_only,none,merch/long/goods#gc=wearable|merch/long/preorder#gc=wearable|merch/long/used#gc=wearable,false,,,,,,,false
merch,q_addon_goods_wear_freq,single,mid,使う頻度は？,どのくらい使いそう？,運用頻度の見込みは？,中,中,中,none,survey_only,none,merch/long/goods#gc=wearable|merch/long/preorder#gc=wearable|merch/long/used#gc=wearable,false,,,,,,,false
merch,q_addon_goods_wear_freq,single,unknown,使う頻度は？,どのくらい使いそう？,運用頻度の見込みは？,未定,未定,未定,none,survey_only,none,merch/long/goods#gc=wearable|merch/long/preorder#gc=wearable|merch/long/used#gc=wearable,false,,,,,,,false
merch,q_addon_preorder_restock,single,checked,受注再開・再販の可能性を確認した？,再販の可能性しらべた？,再販導線の確認状況は？,確認した,確認した,確認した,none,survey_only,none,merch/long/preorder#gc=display_large|merch/long/preorder#gc=itabag_badge|merch/long/preorder#gc=paper|merch/long/preorder#gc=small_collection|merch/long/preorder#gc=tech|merch/long/preorder#gc=wearable,false,,,,,,,false
merch,q_addon_preorder_restock,single,heard,受注再開・再販の可能性を確認した？,再販の可能性しらべた？,再販導線の確認状況は？,噂レベルで知っている,噂レベルで知っている,噂レベルで知っている,none,survey_only,none,merch/long/preorder#gc=display_large|merch/long/preorder#gc=itabag_badge|merch/long/preorder#gc=paper|merch/long/preorder#gc=small_collection|merch/long/preorder#gc=tech|merch/long/preorder#gc=wearable,false,,,,,,,false
merch,q_addon_preorder_restock,single,unknown,受注再開・再販の可能性を確認した？,再販の可能性しらべた？,再販導線の確認状況は？,わからない,わからない,わからない,none,survey_only,none,merch/long/preorder#gc=display_large|merch/long/preorder#gc=itabag_badge|merch/long/preorder#gc=paper|merch/long/preorder#gc=small_collection|merch/long/preorder#gc=tech|merch/long/preorder#gc=wearable,false,,,,,,,false
merch,q_addon_preorder_timeline,single,hard,発売・到着タイミングを許容できる？,到着まで待てそう？,到着待機を許容できる？,待つのが厳しい,待つのが厳しい,待つのが厳しい,none,survey_only,none,merch/long/preorder#gc=display_large|merch/long/preorder#gc=itabag_badge|merch/long/preorder#gc=paper|merch/long/preorder#gc=small_collection|merch/long/preorder#gc=tech|merch/long/preorder#gc=wearable,false,,,,,,,false
merch,q_addon_preorder_timeline,single,maybe,発売・到着タイミングを許容できる？,到着まで待てそう？,到着待機を許容できる？,状況次第,状況次第,状況次第,none,survey_only,none,merch/long/preorder#gc=display_large|merch/long/preorder#gc=itabag_badge|merch/long/preorder#gc=paper|merch/long/preorder#gc=small_collection|merch/long/preorder#gc=tech|merch/long/preorder#gc=wearable,false,,,,,,,false
merch,q_addon_preorder_timeline,single,ok,発売・到着タイミングを許容できる？,到着まで待てそう？,到着待機を許容できる？,待てる,待てる,待てる,none,survey_only,none,merch/long/preorder#gc=display_large|merch/long/preorder#gc=itabag_badge|merch/long/preorder#gc=paper|merch/long/preorder#gc=small_collection|merch/long/preorder#gc=tech|merch/long/preorder#gc=wearable,false,,,,,,,false
merch,q_addon_ticket_resale_rule,single,checked,キャンセル・譲渡ルールを確認した？,キャンセル・譲渡ルール見た？,キャンセル・譲渡規約は確認済み？,確認済み,確認済み,確認済み,none,survey_only,none,merch/long/ticket#gc=N/A,false,,,,,,,false
merch,q_addon_ticket_resale_rule,single,not_yet,キャンセル・譲渡ルールを確認した？,キャンセル・譲渡ルール見た？,キャンセル・譲渡規約は確認済み？,未確認,未確認,未確認,none,survey_only,none,merch/long/ticket#gc=N/A,false,,,,,,,false
merch,q_addon_ticket_resale_rule,single,partly,キャンセル・譲渡ルールを確認した？,キャンセル・譲渡ルール見た？,キャンセル・譲渡規約は確認済み？,一部だけ確認,一部だけ確認,一部だけ確認,none,survey_only,none,merch/long/ticket#gc=N/A,false,,,,,,,false
merch,q_addon_ticket_schedule,single,ready,日程・移動・体調まで見通せている？,日程や移動、だいじょうぶ？,日程・移動の実行性は？,問題なし,問題なし,問題なし,none,survey_only,none,merch/long/ticket#gc=N/A,false,,,,,,,false
merch,q_addon_ticket_schedule,single,risk,日程・移動・体調まで見通せている？,日程や移動、だいじょうぶ？,日程・移動の実行性は？,不確定が多い,不確定が多い,不確定が多い,none,survey_only,none,merch/long/ticket#gc=N/A,false,,,,,,,false
merch,q_addon_ticket_schedule,single,some_risk,日程・移動・体調まで見通せている？,日程や移動、だいじょうぶ？,日程・移動の実行性は？,少し不安あり,少し不安あり,少し不安あり,none,survey_only,none,merch/long/ticket#gc=N/A,false,,,,,,,false
merch,q_addon_used_condition,single,careful,中古の状態リスクを許容できる？,中古の状態、受け入れられる？,中古状態リスクは許容範囲？,条件次第,条件次第,条件次第,none,survey_only,none,merch/long/used#gc=display_large|merch/long/used#gc=itabag_badge|merch/long/used#gc=paper|merch/long/used#gc=small_collection|merch/long/used#gc=tech|merch/long/used#gc=wearable,false,,,,,,,false
merch,q_addon_used_condition,single,hard,中古の状態リスクを許容できる？,中古の状態、受け入れられる？,中古状態リスクは許容範囲？,不安が大きい,不安が大きい,不安が大きい,none,survey_only,none,merch/long/used#gc=display_large|merch/long/used#gc=itabag_badge|merch/long/used#gc=paper|merch/long/used#gc=small_collection|merch/long/used#gc=tech|merch/long/used#gc=wearable,false,,,,,,,false
merch,q_addon_used_condition,single,ok,中古の状態リスクを許容できる？,中古の状態、受け入れられる？,中古状態リスクは許容範囲？,許容できる,許容できる,許容できる,none,survey_only,none,merch/long/used#gc=display_large|merch/long/used#gc=itabag_badge|merch/long/used#gc=paper|merch/long/used#gc=small_collection|merch/long/used#gc=tech|merch/long/used#gc=wearable,false,,,,,,,false
merch,q_addon_used_price_gap,single,small,新品との差額は納得できる？,新品との差額、納得できる？,新品差額の妥当性は？,差額が小さい,差額が小さい,差額が小さい,none,survey_only,none,merch/long/used#gc=display_large|merch/long/used#gc=itabag_badge|merch/long/used#gc=paper|merch/long/used#gc=small_collection|merch/long/used#gc=tech|merch/long/used#gc=wearable,false,,,,,,,false
merch,q_addon_used_price_gap,single,unknown,新品との差額は納得できる？,新品との差額、納得できる？,新品差額の妥当性は？,比較できていない,比較できていない,比較できていない,none,survey_only,none,merch/long/used#gc=display_large|merch/long/used#gc=itabag_badge|merch/long/used#gc=paper|merch/long/used#gc=small_collection|merch/long/used#gc=tech|merch/long/used#gc=wearable,false,,,,,,,false
merch,q_addon_used_price_gap,single,worth,新品との差額は納得できる？,新品との差額、納得できる？,新品差額の妥当性は？,納得できる,納得できる,納得できる,none,survey_only,none,merch/long/used#gc=display_large|merch/long/used#gc=itabag_badge|merch/long/used#gc=paper|merch/long/used#gc=small_collection|merch/long/used#gc=tech|merch/long/used#gc=wearable,false,,,,,,,false
merch,q_alternative_plan,single,clear,見送る場合の代替案はある？,見送るなら別プランある？,見送り時の代替案は？,ある（他の満たし方がある）,あるよ,明確にある,none,survey_only,none,merch/long/blind_draw#gc=N/A|merch/long/goods#gc=display_large|merch/long/goods#gc=itabag_badge|merch/long/goods#gc=paper|merch/long/goods#gc=small_collection|merch/long/goods#gc=tech|merch/long/goods#gc=wearable|merch/long/preorder#gc=display_large|merch/long/preorder#gc=itabag_badge|merch/long/preorder#gc=paper|merch/long/preorder#gc=small_collection|merch/long/preorder#gc=tech|merch/long/preorder#gc=wearable|merch/long/ticket#gc=N/A|merch/long/used#gc=display_large|merch/long/used#gc=itabag_badge|merch/long/used#gc=paper|merch/long/used#gc=small_collection|merch/long/used#gc=tech|merch/long/used#gc=wearable|merch/medium/blind_draw#gc=N/A|merch/medium/goods#gc=N/A|merch/medium/preorder#gc=N/A|merch/medium/ticket#gc=N/A|merch/medium/used#gc=N/A,false,,,,,,,false
merch,q_alternative_plan,single,maybe,見送る場合の代替案はある？,見送るなら別プランある？,見送り時の代替案は？,たぶんある,たぶんある,候補あり,none,survey_only,none,merch/long/blind_draw#gc=N/A|merch/long/goods#gc=display_large|merch/long/goods#gc=itabag_badge|merch/long/goods#gc=paper|merch/long/goods#gc=small_collection|merch/long/goods#gc=tech|merch/long/goods#gc=wearable|merch/long/preorder#gc=display_large|merch/long/preorder#gc=itabag_badge|merch/long/preorder#gc=paper|merch/long/preorder#gc=small_collection|merch/long/preorder#gc=tech|merch/long/preorder#gc=wearable|merch/long/ticket#gc=N/A|merch/long/used#gc=display_large|merch/long/used#gc=itabag_badge|merch/long/used#gc=paper|merch/long/used#gc=small_collection|merch/long/used#gc=tech|merch/long/used#gc=wearable|merch/medium/blind_draw#gc=N/A|merch/medium/goods#gc=N/A|merch/medium/preorder#gc=N/A|merch/medium/ticket#gc=N/A|merch/medium/used#gc=N/A,false,,,,,,,false
merch,q_alternative_plan,single,none,見送る場合の代替案はある？,見送るなら別プランある？,見送り時の代替案は？,特にない,ないかも,特にない,none,survey_only,none,merch/long/blind_draw#gc=N/A|merch/long/goods#gc=display_large|merch/long/goods#gc=itabag_badge|merch/long/goods#gc=paper|merch/long/goods#gc=small_collection|merch/long/goods#gc=tech|merch/long/goods#gc=wearable|merch/long/preorder#gc=display_large|merch/long/preorder#gc=itabag_badge|merch/long/preorder#gc=paper|merch/long/preorder#gc=small_collection|merch/long/preorder#gc=tech|merch/long/preorder#gc=wearable|merch/long/ticket#gc=N/A|merch/long/used#gc=display_large|merch/long/used#gc=itabag_badge|merch/long/used#gc=paper|merch/long/used#gc=small_collection|merch/long/used#gc=tech|merch/long/used#gc=wearable|merch/medium/blind_draw#gc=N/A|merch/medium/goods#gc=N/A|merch/medium/preorder#gc=N/A|merch/medium/ticket#gc=N/A|merch/medium/used#gc=N/A,false,,,,,,,false
merch,q_budget_pain,single,force,この出費、あとで痛い？,このお買い物、あとでしんどくならない？,この出費、オタ活資金にダメージある？,無理して払う（危険）,ムリして払うかも,無理課金コース,delta,score,score,merch/long/blind_draw#gc=N/A|merch/long/goods#gc=display_large|merch/long/goods#gc=itabag_badge|merch/long/goods#gc=paper|merch/long/goods#gc=small_collection|merch/long/goods#gc=tech|merch/long/goods#gc=wearable|merch/long/preorder#gc=display_large|merch/long/preorder#gc=itabag_badge|merch/long/preorder#gc=paper|merch/long/preorder#gc=small_collection|merch/long/preorder#gc=tech|merch/long/preorder#gc=wearable|merch/long/ticket#gc=N/A|merch/long/used#gc=display_large|merch/long/used#gc=itabag_badge|merch/long/used#gc=paper|merch/long/used#gc=small_collection|merch/long/used#gc=tech|merch/long/used#gc=wearable|merch/medium/blind_draw#gc=N/A|merch/medium/goods#gc=N/A|merch/medium/preorder#gc=N/A|merch/medium/ticket#gc=N/A|merch/medium/used#gc=N/A|merch/short/blind_draw#gc=N/A|merch/short/goods#gc=N/A|merch/short/preorder#gc=N/A|merch/short/ticket#gc=N/A|merch/short/used#gc=N/A,false,,affordability:15;impulse:70;regretRisk:80,budget_force,,,,false
merch,q_budget_pain,single,hard,この出費、あとで痛い？,このお買い物、あとでしんどくならない？,この出費、オタ活資金にダメージある？,生活に影響する,生活にひびきそう,今月しんどい,delta,score,score,merch/long/blind_draw#gc=N/A|merch/long/goods#gc=display_large|merch/long/goods#gc=itabag_badge|merch/long/goods#gc=paper|merch/long/goods#gc=small_collection|merch/long/goods#gc=tech|merch/long/goods#gc=wearable|merch/long/preorder#gc=display_large|merch/long/preorder#gc=itabag_badge|merch/long/preorder#gc=paper|merch/long/preorder#gc=small_collection|merch/long/preorder#gc=tech|merch/long/preorder#gc=wearable|merch/long/ticket#gc=N/A|merch/long/used#gc=display_large|merch/long/used#gc=itabag_badge|merch/long/used#gc=paper|merch/long/used#gc=small_collection|merch/long/used#gc=tech|merch/long/used#gc=wearable|merch/medium/blind_draw#gc=N/A|merch/medium/goods#gc=N/A|merch/medium/preorder#gc=N/A|merch/medium/ticket#gc=N/A|merch/medium/used#gc=N/A|merch/short/blind_draw#gc=N/A|merch/short/goods#gc=N/A|merch/short/preorder#gc=N/A|merch/short/ticket#gc=N/A|merch/short/used#gc=N/A,false,,affordability:35;regretRisk:65,budget_hard,,,,false
merch,q_budget_pain,single,ok,この出費、あとで痛い？,このお買い物、あとでしんどくならない？,この出費、オタ活資金にダメージある？,全然平気,ぜんぜん平気,ノーダメ,delta,score,score,merch/long/blind_draw#gc=N/A|merch/long/goods#gc=display_large|merch/long/goods#gc=itabag_badge|merch/long/goods#gc=paper|merch/long/goods#gc=small_collection|merch/long/goods#gc=tech|merch/long/goods#gc=wearable|merch/long/preorder#gc=display_large|merch/long/preorder#gc=itabag_badge|merch/long/preorder#gc=paper|merch/long/preorder#gc=small_collection|merch/long/preorder#gc=tech|merch/long/preorder#gc=wearable|merch/long/ticket#gc=N/A|merch/long/used#gc=display_large|merch/long/used#gc=itabag_badge|merch/long/used#gc=paper|merch/long/used#gc=small_collection|merch/long/used#gc=tech|merch/long/used#gc=wearable|merch/medium/blind_draw#gc=N/A|merch/medium/goods#gc=N/A|merch/medium/preorder#gc=N/A|merch/medium/ticket#gc=N/A|merch/medium/used#gc=N/A|merch/short/blind_draw#gc=N/A|merch/short/goods#gc=N/A|merch/short/preorder#gc=N/A|merch/short/ticket#gc=N/A|merch/short/used#gc=N/A,false,,affordability:85;regretRisk:35,budget_ok,,,,false
merch,q_budget_pain,single,some,この出費、あとで痛い？,このお買い物、あとでしんどくならない？,この出費、オタ活資金にダメージある？,ちょい痛い,ちょっとだけ痛い,ちょいダメージ,delta,score,score,merch/long/blind_draw#gc=N/A|merch/long/goods#gc=display_large|merch/long/goods#gc=itabag_badge|merch/long/goods#gc=paper|merch/long/goods#gc=small_collection|merch/long/goods#gc=tech|merch/long/goods#gc=wearable|merch/long/preorder#gc=display_large|merch/long/preorder#gc=itabag_badge|merch/long/preorder#gc=paper|merch/long/preorder#gc=small_collection|merch/long/preorder#gc=tech|merch/long/preorder#gc=wearable|merch/long/ticket#gc=N/A|merch/long/used#gc=display_large|merch/long/used#gc=itabag_badge|merch/long/used#gc=paper|merch/long/used#gc=small_collection|merch/long/used#gc=tech|merch/long/used#gc=wearable|merch/medium/blind_draw#gc=N/A|merch/medium/goods#gc=N/A|merch/medium/preorder#gc=N/A|merch/medium/ticket#gc=N/A|merch/medium/used#gc=N/A|merch/short/blind_draw#gc=N/A|merch/short/goods#gc=N/A|merch/short/preorder#gc=N/A|merch/short/ticket#gc=N/A|merch/short/used#gc=N/A,false,,affordability:60;regretRisk:45,budget_some,,,,false
merch,q_desire,scale,,これは「推し度（欲しさ）」どれくらい？,これ、どれくらいトキメク？,この案件、推し熱どのくらい？,,,,mapTo,score,score,merch/long/blind_draw#gc=N/A|merch/long/goods#gc=display_large|merch/long/goods#gc=itabag_badge|merch/long/goods#gc=paper|merch/long/goods#gc=small_collection|merch/long/goods#gc=tech|merch/long/goods#gc=wearable|merch/long/preorder#gc=display_large|merch/long/preorder#gc=itabag_badge|merch/long/preorder#gc=paper|merch/long/preorder#gc=small_collection|merch/long/preorder#gc=tech|merch/long/preorder#gc=wearable|merch/long/ticket#gc=N/A|merch/long/used#gc=display_large|merch/long/used#gc=itabag_badge|merch/long/used#gc=paper|merch/long/used#gc=small_collection|merch/long/used#gc=tech|merch/long/used#gc=wearable|merch/medium/blind_draw#gc=N/A|merch/medium/goods#gc=N/A|merch/medium/preorder#gc=N/A|merch/medium/ticket#gc=N/A|merch/medium/used#gc=N/A|merch/short/blind_draw#gc=N/A|merch/short/goods#gc=N/A|merch/short/preorder#gc=N/A|merch/short/ticket#gc=N/A|merch/short/used#gc=N/A,false,desire,,,,,,false
merch,q_goal,single,fun,今回の買い方（回収スタイル）、どれが近い？,今回の買い方、どれが近いかな？,今回の回収スタイル、どれ？,買う過程も楽しみたい（現場/開封/抽選など）,買う過程も楽しみたい（ワクワクしたい）,過程/体験重視,none,method,method,merch/long/blind_draw#gc=N/A|merch/long/goods#gc=display_large|merch/long/goods#gc=itabag_badge|merch/long/goods#gc=paper|merch/long/goods#gc=small_collection|merch/long/goods#gc=tech|merch/long/goods#gc=wearable|merch/long/preorder#gc=display_large|merch/long/preorder#gc=itabag_badge|merch/long/preorder#gc=paper|merch/long/preorder#gc=small_collection|merch/long/preorder#gc=tech|merch/long/preorder#gc=wearable|merch/long/ticket#gc=N/A|merch/long/used#gc=display_large|merch/long/used#gc=itabag_badge|merch/long/used#gc=paper|merch/long/used#gc=small_collection|merch/long/used#gc=tech|merch/long/used#gc=wearable|merch/medium/blind_draw#gc=N/A|merch/medium/goods#gc=N/A|merch/medium/preorder#gc=N/A|merch/medium/ticket#gc=N/A|merch/medium/used#gc=N/A,false,,,goal_fun,,,,false
merch,q_goal,single,set,今回の買い方（回収スタイル）、どれが近い？,今回の買い方、どれが近いかな？,今回の回収スタイル、どれ？,まとめて揃えたい（セット/複数買い）,セットでそろえたい（まとめ買い）,セット/複数回収,none,method,method,merch/long/blind_draw#gc=N/A|merch/long/goods#gc=display_large|merch/long/goods#gc=itabag_badge|merch/long/goods#gc=paper|merch/long/goods#gc=small_collection|merch/long/goods#gc=tech|merch/long/goods#gc=wearable|merch/long/preorder#gc=display_large|merch/long/preorder#gc=itabag_badge|merch/long/preorder#gc=paper|merch/long/preorder#gc=small_collection|merch/long/preorder#gc=tech|merch/long/preorder#gc=wearable|merch/long/ticket#gc=N/A|merch/long/used#gc=display_large|merch/long/used#gc=itabag_badge|merch/long/used#gc=paper|merch/long/used#gc=small_collection|merch/long/used#gc=tech|merch/long/used#gc=wearable|merch/medium/blind_draw#gc=N/A|merch/medium/goods#gc=N/A|merch/medium/preorder#gc=N/A|merch/medium/ticket#gc=N/A|merch/medium/used#gc=N/A,false,,,goal_set,,,,false
merch,q_goal,single,single,今回の買い方（回収スタイル）、どれが近い？,今回の買い方、どれが近いかな？,今回の回収スタイル、どれ？,本命だけ確実に（1点狙い）,推し1点狙い（本命だけ）,本命1点狙い,none,method,method,merch/long/blind_draw#gc=N/A|merch/long/goods#gc=display_large|merch/long/goods#gc=itabag_badge|merch/long/goods#gc=paper|merch/long/goods#gc=small_collection|merch/long/goods#gc=tech|merch/long/goods#gc=wearable|merch/long/preorder#gc=display_large|merch/long/preorder#gc=itabag_badge|merch/long/preorder#gc=paper|merch/long/preorder#gc=small_collection|merch/long/preorder#gc=tech|merch/long/preorder#gc=wearable|merch/long/ticket#gc=N/A|merch/long/used#gc=display_large|merch/long/used#gc=itabag_badge|merch/long/used#gc=paper|merch/long/used#gc=small_collection|merch/long/used#gc=tech|merch/long/used#gc=wearable|merch/medium/blind_draw#gc=N/A|merch/medium/goods#gc=N/A|merch/medium/preorder#gc=N/A|merch/medium/ticket#gc=N/A|merch/medium/used#gc=N/A,false,,,goal_single,,,,false
merch,q_goal,single,unknown,今回の買い方（回収スタイル）、どれが近い？,今回の買い方、どれが近いかな？,今回の回収スタイル、どれ？,該当なし／まだわからない,まだわからない,該当なし/保留,none,method,method,merch/long/blind_draw#gc=N/A|merch/long/goods#gc=display_large|merch/long/goods#gc=itabag_badge|merch/long/goods#gc=paper|merch/long/goods#gc=small_collection|merch/long/goods#gc=tech|merch/long/goods#gc=wearable|merch/long/preorder#gc=display_large|merch/long/preorder#gc=itabag_badge|merch/long/preorder#gc=paper|merch/long/preorder#gc=small_collection|merch/long/preorder#gc=tech|merch/long/preorder#gc=wearable|merch/long/ticket#gc=N/A|merch/long/used#gc=display_large|merch/long/used#gc=itabag_badge|merch/long/used#gc=paper|merch/long/used#gc=small_collection|merch/long/used#gc=tech|merch/long/used#gc=wearable|merch/medium/blind_draw#gc=N/A|merch/medium/goods#gc=N/A|merch/medium/preorder#gc=N/A|merch/medium/ticket#gc=N/A|merch/medium/used#gc=N/A,false,,,goal_unknown,,,,false
merch,q_hot_cold,single,cold,欲しい枠（推し）は人気枠？（高レート/低レート）,推し枠って人気どのくらい？,推し枠レート、どの温度感？,落ち着いてる（低レートになりやすい）,落ち着いてる（低レートになりやすい）,落ち着いてる（低レートになりやすい）,none,survey_only,none,merch/long/blind_draw#gc=N/A|merch/long/goods#gc=display_large|merch/long/goods#gc=itabag_badge|merch/long/goods#gc=paper|merch/long/goods#gc=small_collection|merch/long/goods#gc=tech|merch/long/goods#gc=wearable|merch/long/preorder#gc=display_large|merch/long/preorder#gc=itabag_badge|merch/long/preorder#gc=paper|merch/long/preorder#gc=small_collection|merch/long/preorder#gc=tech|merch/long/preorder#gc=wearable|merch/long/ticket#gc=N/A|merch/long/used#gc=display_large|merch/long/used#gc=itabag_badge|merch/long/used#gc=paper|merch/long/used#gc=small_collection|merch/long/used#gc=tech|merch/long/used#gc=wearable|merch/medium/blind_draw#gc=N/A|merch/medium/goods#gc=N/A|merch/medium/preorder#gc=N/A|merch/medium/ticket#gc=N/A|merch/medium/used#gc=N/A,false,,,cold,,,,false
merch,q_hot_cold,single,hot,欲しい枠（推し）は人気枠？（高レート/低レート）,推し枠って人気どのくらい？,推し枠レート、どの温度感？,人気（高騰/プレ値になりやすい）,人気（高騰/プレ値になりやすい）,人気（高騰/プレ値になりやすい）,none,survey_only,none,merch/long/blind_draw#gc=N/A|merch/long/goods#gc=display_large|merch/long/goods#gc=itabag_badge|merch/long/goods#gc=paper|merch/long/goods#gc=small_collection|merch/long/goods#gc=tech|merch/long/goods#gc=wearable|merch/long/preorder#gc=display_large|merch/long/preorder#gc=itabag_badge|merch/long/preorder#gc=paper|merch/long/preorder#gc=small_collection|merch/long/preorder#gc=tech|merch/long/preorder#gc=wearable|merch/long/ticket#gc=N/A|merch/long/used#gc=display_large|merch/long/used#gc=itabag_badge|merch/long/used#gc=paper|merch/long/used#gc=small_collection|merch/long/used#gc=tech|merch/long/used#gc=wearable|merch/medium/blind_draw#gc=N/A|merch/medium/goods#gc=N/A|merch/medium/preorder#gc=N/A|merch/medium/ticket#gc=N/A|merch/medium/used#gc=N/A,false,,,hot,,,,false
merch,q_hot_cold,single,normal,欲しい枠（推し）は人気枠？（高レート/低レート）,推し枠って人気どのくらい？,推し枠レート、どの温度感？,普通,普通,普通,none,survey_only,none,merch/long/blind_draw#gc=N/A|merch/long/goods#gc=display_large|merch/long/goods#gc=itabag_badge|merch/long/goods#gc=paper|merch/long/goods#gc=small_collection|merch/long/goods#gc=tech|merch/long/goods#gc=wearable|merch/long/preorder#gc=display_large|merch/long/preorder#gc=itabag_badge|merch/long/preorder#gc=paper|merch/long/preorder#gc=small_collection|merch/long/preorder#gc=tech|merch/long/preorder#gc=wearable|merch/long/ticket#gc=N/A|merch/long/used#gc=display_large|merch/long/used#gc=itabag_badge|merch/long/used#gc=paper|merch/long/used#gc=small_collection|merch/long/used#gc=tech|merch/long/used#gc=wearable|merch/medium/blind_draw#gc=N/A|merch/medium/goods#gc=N/A|merch/medium/preorder#gc=N/A|merch/medium/ticket#gc=N/A|merch/medium/used#gc=N/A,false,,,normal_popularity,,,,false
merch,q_hot_cold,single,unknown,欲しい枠（推し）は人気枠？（高レート/低レート）,推し枠って人気どのくらい？,推し枠レート、どの温度感？,わからない,わからない,わからない,none,survey_only,none,merch/long/blind_draw#gc=N/A|merch/long/goods#gc=display_large|merch/long/goods#gc=itabag_badge|merch/long/goods#gc=paper|merch/long/goods#gc=small_collection|merch/long/goods#gc=tech|merch/long/goods#gc=wearable|merch/long/preorder#gc=display_large|merch/long/preorder#gc=itabag_badge|merch/long/preorder#gc=paper|merch/long/preorder#gc=small_collection|merch/long/preorder#gc=tech|merch/long/preorder#gc=wearable|merch/long/ticket#gc=N/A|merch/long/used#gc=display_large|merch/long/used#gc=itabag_badge|merch/long/used#gc=paper|merch/long/used#gc=small_collection|merch/long/used#gc=tech|merch/long/used#gc=wearable|merch/medium/blind_draw#gc=N/A|merch/medium/goods#gc=N/A|merch/medium/preorder#gc=N/A|merch/medium/ticket#gc=N/A|merch/medium/used#gc=N/A,false,,,unknown_popularity,,,,false
merch,q_impulse_axis_short,single,both,今の気持ち、どれに近い？,今の気持ち、どれに近い？,今の気持ち、どれに近い？,両方ある（計画もあるし、今も高まってる）,両方ある（計画もあるし、今も高まってる）,両方ある（計画もあるし、今も高まってる）,none,flags,flags,merch/long/blind_draw#gc=N/A|merch/long/goods#gc=display_large|merch/long/goods#gc=itabag_badge|merch/long/goods#gc=paper|merch/long/goods#gc=small_collection|merch/long/goods#gc=tech|merch/long/goods#gc=wearable|merch/long/preorder#gc=display_large|merch/long/preorder#gc=itabag_badge|merch/long/preorder#gc=paper|merch/long/preorder#gc=small_collection|merch/long/preorder#gc=tech|merch/long/preorder#gc=wearable|merch/long/ticket#gc=N/A|merch/long/used#gc=display_large|merch/long/used#gc=itabag_badge|merch/long/used#gc=paper|merch/long/used#gc=small_collection|merch/long/used#gc=tech|merch/long/used#gc=wearable|merch/medium/blind_draw#gc=N/A|merch/medium/goods#gc=N/A|merch/medium/preorder#gc=N/A|merch/medium/ticket#gc=N/A|merch/medium/used#gc=N/A|merch/short/blind_draw#gc=N/A|merch/short/goods#gc=N/A|merch/short/preorder#gc=N/A|merch/short/ticket#gc=N/A|merch/short/used#gc=N/A,false,,,,,,,true
merch,q_impulse_axis_short,single,mood,今の気持ち、どれに近い？,今の気持ち、どれに近い？,今の気持ち、どれに近い？,今のテンションで欲しい（計画はまだ）,今のテンションで欲しい（計画はまだ）,今のテンションで欲しい（計画はまだ）,none,flags,flags,merch/long/blind_draw#gc=N/A|merch/long/goods#gc=display_large|merch/long/goods#gc=itabag_badge|merch/long/goods#gc=paper|merch/long/goods#gc=small_collection|merch/long/goods#gc=tech|merch/long/goods#gc=wearable|merch/long/preorder#gc=display_large|merch/long/preorder#gc=itabag_badge|merch/long/preorder#gc=paper|merch/long/preorder#gc=small_collection|merch/long/preorder#gc=tech|merch/long/preorder#gc=wearable|merch/long/ticket#gc=N/A|merch/long/used#gc=display_large|merch/long/used#gc=itabag_badge|merch/long/used#gc=paper|merch/long/used#gc=small_collection|merch/long/used#gc=tech|merch/long/used#gc=wearable|merch/medium/blind_draw#gc=N/A|merch/medium/goods#gc=N/A|merch/medium/preorder#gc=N/A|merch/medium/ticket#gc=N/A|merch/medium/used#gc=N/A|merch/short/blind_draw#gc=N/A|merch/short/goods#gc=N/A|merch/short/preorder#gc=N/A|merch/short/ticket#gc=N/A|merch/short/used#gc=N/A,false,,,,,,,true
merch,q_impulse_axis_short,single,plan,今の気持ち、どれに近い？,今の気持ち、どれに近い？,今の気持ち、どれに近い？,見返す/保管までイメージできてる（計画型）,見返す/保管までイメージできてる（計画型）,見返す/保管までイメージできてる（計画型）,none,flags,flags,merch/long/blind_draw#gc=N/A|merch/long/goods#gc=display_large|merch/long/goods#gc=itabag_badge|merch/long/goods#gc=paper|merch/long/goods#gc=small_collection|merch/long/goods#gc=tech|merch/long/goods#gc=wearable|merch/long/preorder#gc=display_large|merch/long/preorder#gc=itabag_badge|merch/long/preorder#gc=paper|merch/long/preorder#gc=small_collection|merch/long/preorder#gc=tech|merch/long/preorder#gc=wearable|merch/long/ticket#gc=N/A|merch/long/used#gc=display_large|merch/long/used#gc=itabag_badge|merch/long/used#gc=paper|merch/long/used#gc=small_collection|merch/long/used#gc=tech|merch/long/used#gc=wearable|merch/medium/blind_draw#gc=N/A|merch/medium/goods#gc=N/A|merch/medium/preorder#gc=N/A|merch/medium/ticket#gc=N/A|merch/medium/used#gc=N/A|merch/short/blind_draw#gc=N/A|merch/short/goods#gc=N/A|merch/short/preorder#gc=N/A|merch/short/ticket#gc=N/A|merch/short/used#gc=N/A,false,,,,,,,true
merch,q_impulse_axis_short,single,unknown,今の気持ち、どれに近い？,今の気持ち、どれに近い？,今の気持ち、どれに近い？,まだわからない,まだわからない,まだわからない,none,flags,flags,merch/long/blind_draw#gc=N/A|merch/long/goods#gc=display_large|merch/long/goods#gc=itabag_badge|merch/long/goods#gc=paper|merch/long/goods#gc=small_collection|merch/long/goods#gc=tech|merch/long/goods#gc=wearable|merch/long/preorder#gc=display_large|merch/long/preorder#gc=itabag_badge|merch/long/preorder#gc=paper|merch/long/preorder#gc=small_collection|merch/long/preorder#gc=tech|merch/long/preorder#gc=wearable|merch/long/ticket#gc=N/A|merch/long/used#gc=display_large|merch/long/used#gc=itabag_badge|merch/long/used#gc=paper|merch/long/used#gc=small_collection|merch/long/used#gc=tech|merch/long/used#gc=wearable|merch/medium/blind_draw#gc=N/A|merch/medium/goods#gc=N/A|merch/medium/preorder#gc=N/A|merch/medium/ticket#gc=N/A|merch/medium/used#gc=N/A|merch/short/blind_draw#gc=N/A|merch/short/goods#gc=N/A|merch/short/preorder#gc=N/A|merch/short/ticket#gc=N/A|merch/short/used#gc=N/A,false,,,,,,,true
merch,q_long_note,text,,AIに相談したいポイントを一言で書いてください,AIに相談したいことをメモしよう,AI相談用メモを残す,,,,none,survey_only,none,,true,,,,,,,false
merch,q_motives_multi,multi,archive,今「買いたい理由」ってどれ？（当てはまるだけ選んでOK／迷ったら1〜3個でもOK）,買いたい気持ち、どれに近い？（いくつでもOKだよ）,回収動機どれ？（複数OK／迷ったら少なめでもOK）,手元に保存・アーカイブしたい,手元に保存・アーカイブしたい,アーカイブ保全,none,flags,flags,merch/long/blind_draw#gc=N/A|merch/long/goods#gc=display_large|merch/long/goods#gc=itabag_badge|merch/long/goods#gc=paper|merch/long/goods#gc=small_collection|merch/long/goods#gc=tech|merch/long/goods#gc=wearable|merch/long/preorder#gc=display_large|merch/long/preorder#gc=itabag_badge|merch/long/preorder#gc=paper|merch/long/preorder#gc=small_collection|merch/long/preorder#gc=tech|merch/long/preorder#gc=wearable|merch/long/ticket#gc=N/A|merch/long/used#gc=display_large|merch/long/used#gc=itabag_badge|merch/long/used#gc=paper|merch/long/used#gc=small_collection|merch/long/used#gc=tech|merch/long/used#gc=wearable|merch/medium/blind_draw#gc=N/A|merch/medium/goods#gc=N/A|merch/medium/preorder#gc=N/A|merch/medium/ticket#gc=N/A|merch/medium/used#gc=N/A,false,,,,,,,false
merch,q_motives_multi,multi,bonus,今「買いたい理由」ってどれ？（当てはまるだけ選んでOK／迷ったら1〜3個でもOK）,買いたい気持ち、どれに近い？（いくつでもOKだよ）,回収動機どれ？（複数OK／迷ったら少なめでもOK）,特典が本体（特典目的）,特典が本体,特典本体,none,flags,flags,merch/long/blind_draw#gc=N/A|merch/long/goods#gc=display_large|merch/long/goods#gc=itabag_badge|merch/long/goods#gc=paper|merch/long/goods#gc=small_collection|merch/long/goods#gc=tech|merch/long/goods#gc=wearable|merch/long/preorder#gc=display_large|merch/long/preorder#gc=itabag_badge|merch/long/preorder#gc=paper|merch/long/preorder#gc=small_collection|merch/long/preorder#gc=tech|merch/long/preorder#gc=wearable|merch/long/ticket#gc=N/A|merch/long/used#gc=display_large|merch/long/used#gc=itabag_badge|merch/long/used#gc=paper|merch/long/used#gc=small_collection|merch/long/used#gc=tech|merch/long/used#gc=wearable|merch/medium/blind_draw#gc=N/A|merch/medium/goods#gc=N/A|merch/medium/preorder#gc=N/A|merch/medium/ticket#gc=N/A|merch/medium/used#gc=N/A,false,,,,,,,false
merch,q_motives_multi,multi,complete,今「買いたい理由」ってどれ？（当てはまるだけ選んでOK／迷ったら1〜3個でもOK）,買いたい気持ち、どれに近い？（いくつでもOKだよ）,回収動機どれ？（複数OK／迷ったら少なめでもOK）,揃えたい／コンプしたい,揃えたい／コンプしたい,収集完成欲,none,flags,flags,merch/long/blind_draw#gc=N/A|merch/long/goods#gc=display_large|merch/long/goods#gc=itabag_badge|merch/long/goods#gc=paper|merch/long/goods#gc=small_collection|merch/long/goods#gc=tech|merch/long/goods#gc=wearable|merch/long/preorder#gc=display_large|merch/long/preorder#gc=itabag_badge|merch/long/preorder#gc=paper|merch/long/preorder#gc=small_collection|merch/long/preorder#gc=tech|merch/long/preorder#gc=wearable|merch/long/ticket#gc=N/A|merch/long/used#gc=display_large|merch/long/used#gc=itabag_badge|merch/long/used#gc=paper|merch/long/used#gc=small_collection|merch/long/used#gc=tech|merch/long/used#gc=wearable|merch/medium/blind_draw#gc=N/A|merch/medium/goods#gc=N/A|merch/medium/preorder#gc=N/A|merch/medium/ticket#gc=N/A|merch/medium/used#gc=N/A,false,,,,,,,false
merch,q_motives_multi,multi,content,今「買いたい理由」ってどれ？（当てはまるだけ選んでOK／迷ったら1〜3個でもOK）,買いたい気持ち、どれに近い？（いくつでもOKだよ）,回収動機どれ？（複数OK／迷ったら少なめでもOK）,中身（絵/文章/デザイン）が好き,中身（絵/文章/デザイン）が好き,内容物が刺さる,none,flags,flags,merch/long/blind_draw#gc=N/A|merch/long/goods#gc=display_large|merch/long/goods#gc=itabag_badge|merch/long/goods#gc=paper|merch/long/goods#gc=small_collection|merch/long/goods#gc=tech|merch/long/goods#gc=wearable|merch/long/preorder#gc=display_large|merch/long/preorder#gc=itabag_badge|merch/long/preorder#gc=paper|merch/long/preorder#gc=small_collection|merch/long/preorder#gc=tech|merch/long/preorder#gc=wearable|merch/long/ticket#gc=N/A|merch/long/used#gc=display_large|merch/long/used#gc=itabag_badge|merch/long/used#gc=paper|merch/long/used#gc=small_collection|merch/long/used#gc=tech|merch/long/used#gc=wearable|merch/medium/blind_draw#gc=N/A|merch/medium/goods#gc=N/A|merch/medium/preorder#gc=N/A|merch/medium/ticket#gc=N/A|merch/medium/used#gc=N/A,false,,,,,,,false
merch,q_motives_multi,multi,display,今「買いたい理由」ってどれ？（当てはまるだけ選んでOK／迷ったら1〜3個でもOK）,買いたい気持ち、どれに近い？（いくつでもOKだよ）,回収動機どれ？（複数OK／迷ったら少なめでもOK）,飾って眺めたい,飾って眺めたい,展示鑑賞目的,none,flags,flags,merch/long/blind_draw#gc=N/A|merch/long/goods#gc=display_large|merch/long/goods#gc=itabag_badge|merch/long/goods#gc=paper|merch/long/goods#gc=small_collection|merch/long/goods#gc=tech|merch/long/goods#gc=wearable|merch/long/preorder#gc=display_large|merch/long/preorder#gc=itabag_badge|merch/long/preorder#gc=paper|merch/long/preorder#gc=small_collection|merch/long/preorder#gc=tech|merch/long/preorder#gc=wearable|merch/long/ticket#gc=N/A|merch/long/used#gc=display_large|merch/long/used#gc=itabag_badge|merch/long/used#gc=paper|merch/long/used#gc=small_collection|merch/long/used#gc=tech|merch/long/used#gc=wearable|merch/medium/blind_draw#gc=N/A|merch/medium/goods#gc=N/A|merch/medium/preorder#gc=N/A|merch/medium/ticket#gc=N/A|merch/medium/used#gc=N/A,false,,,,,,,false
merch,q_motives_multi,multi,fomo,今「買いたい理由」ってどれ？（当てはまるだけ選んでOK／迷ったら1〜3個でもOK）,買いたい気持ち、どれに近い？（いくつでもOKだよ）,回収動機どれ？（複数OK／迷ったら少なめでもOK）,限定・締切が怖い（取り逃し不安）,限定・締切がこわい,取り逃し圧が強い,none,flags,flags,merch/long/blind_draw#gc=N/A|merch/long/goods#gc=display_large|merch/long/goods#gc=itabag_badge|merch/long/goods#gc=paper|merch/long/goods#gc=small_collection|merch/long/goods#gc=tech|merch/long/goods#gc=wearable|merch/long/preorder#gc=display_large|merch/long/preorder#gc=itabag_badge|merch/long/preorder#gc=paper|merch/long/preorder#gc=small_collection|merch/long/preorder#gc=tech|merch/long/preorder#gc=wearable|merch/long/ticket#gc=N/A|merch/long/used#gc=display_large|merch/long/used#gc=itabag_badge|merch/long/used#gc=paper|merch/long/used#gc=small_collection|merch/long/used#gc=tech|merch/long/used#gc=wearable|merch/medium/blind_draw#gc=N/A|merch/medium/goods#gc=N/A|merch/medium/preorder#gc=N/A|merch/medium/ticket#gc=N/A|merch/medium/used#gc=N/A,false,,,,,,,false
merch,q_motives_multi,multi,habit,今「買いたい理由」ってどれ？（当てはまるだけ選んでOK／迷ったら1〜3個でもOK）,買いたい気持ち、どれに近い？（いくつでもOKだよ）,回収動機どれ？（複数OK／迷ったら少なめでもOK）,習慣でつい買ってしまう（ルーティン）,習慣でつい買ってしまう,習慣購買,none,flags,flags,merch/long/blind_draw#gc=N/A|merch/long/goods#gc=display_large|merch/long/goods#gc=itabag_badge|merch/long/goods#gc=paper|merch/long/goods#gc=small_collection|merch/long/goods#gc=tech|merch/long/goods#gc=wearable|merch/long/preorder#gc=display_large|merch/long/preorder#gc=itabag_badge|merch/long/preorder#gc=paper|merch/long/preorder#gc=small_collection|merch/long/preorder#gc=tech|merch/long/preorder#gc=wearable|merch/long/ticket#gc=N/A|merch/long/used#gc=display_large|merch/long/used#gc=itabag_badge|merch/long/used#gc=paper|merch/long/used#gc=small_collection|merch/long/used#gc=tech|merch/long/used#gc=wearable|merch/medium/blind_draw#gc=N/A|merch/medium/goods#gc=N/A|merch/medium/preorder#gc=N/A|merch/medium/ticket#gc=N/A|merch/medium/used#gc=N/A,false,,,,,,,false
merch,q_motives_multi,multi,memory,今「買いたい理由」ってどれ？（当てはまるだけ選んでOK／迷ったら1〜3個でもOK）,買いたい気持ち、どれに近い？（いくつでもOKだよ）,回収動機どれ？（複数OK／迷ったら少なめでもOK）,記念・思い出として残したい,記念・思い出として残したい,記念保存,none,flags,flags,merch/long/blind_draw#gc=N/A|merch/long/goods#gc=display_large|merch/long/goods#gc=itabag_badge|merch/long/goods#gc=paper|merch/long/goods#gc=small_collection|merch/long/goods#gc=tech|merch/long/goods#gc=wearable|merch/long/preorder#gc=display_large|merch/long/preorder#gc=itabag_badge|merch/long/preorder#gc=paper|merch/long/preorder#gc=small_collection|merch/long/preorder#gc=tech|merch/long/preorder#gc=wearable|merch/long/ticket#gc=N/A|merch/long/used#gc=display_large|merch/long/used#gc=itabag_badge|merch/long/used#gc=paper|merch/long/used#gc=small_collection|merch/long/used#gc=tech|merch/long/used#gc=wearable|merch/medium/blind_draw#gc=N/A|merch/medium/goods#gc=N/A|merch/medium/preorder#gc=N/A|merch/medium/ticket#gc=N/A|merch/medium/used#gc=N/A,false,,,,,,,false
merch,q_motives_multi,multi,price_up,今「買いたい理由」ってどれ？（当てはまるだけ選んでOK／迷ったら1〜3個でもOK）,買いたい気持ち、どれに近い？（いくつでもOKだよ）,回収動機どれ？（複数OK／迷ったら少なめでもOK）,あとで高くなりそう（相場/プレ値）,あとで高くなりそう,将来相場上昇見込み,none,flags,flags,merch/long/blind_draw#gc=N/A|merch/long/goods#gc=display_large|merch/long/goods#gc=itabag_badge|merch/long/goods#gc=paper|merch/long/goods#gc=small_collection|merch/long/goods#gc=tech|merch/long/goods#gc=wearable|merch/long/preorder#gc=display_large|merch/long/preorder#gc=itabag_badge|merch/long/preorder#gc=paper|merch/long/preorder#gc=small_collection|merch/long/preorder#gc=tech|merch/long/preorder#gc=wearable|merch/long/ticket#gc=N/A|merch/long/used#gc=display_large|merch/long/used#gc=itabag_badge|merch/long/used#gc=paper|merch/long/used#gc=small_collection|merch/long/used#gc=tech|merch/long/used#gc=wearable|merch/medium/blind_draw#gc=N/A|merch/medium/goods#gc=N/A|merch/medium/preorder#gc=N/A|merch/medium/ticket#gc=N/A|merch/medium/used#gc=N/A,false,,,,,,,false
merch,q_motives_multi,multi,reward,今「買いたい理由」ってどれ？（当てはまるだけ選んでOK／迷ったら1〜3個でもOK）,買いたい気持ち、どれに近い？（いくつでもOKだよ）,回収動機どれ？（複数OK／迷ったら少なめでもOK）,自分へのご褒美,自分へのご褒美,自己報酬,none,flags,flags,merch/long/blind_draw#gc=N/A|merch/long/goods#gc=display_large|merch/long/goods#gc=itabag_badge|merch/long/goods#gc=paper|merch/long/goods#gc=small_collection|merch/long/goods#gc=tech|merch/long/goods#gc=wearable|merch/long/preorder#gc=display_large|merch/long/preorder#gc=itabag_badge|merch/long/preorder#gc=paper|merch/long/preorder#gc=small_collection|merch/long/preorder#gc=tech|merch/long/preorder#gc=wearable|merch/long/ticket#gc=N/A|merch/long/used#gc=display_large|merch/long/used#gc=itabag_badge|merch/long/used#gc=paper|merch/long/used#gc=small_collection|merch/long/used#gc=tech|merch/long/used#gc=wearable|merch/medium/blind_draw#gc=N/A|merch/medium/goods#gc=N/A|merch/medium/preorder#gc=N/A|merch/medium/ticket#gc=N/A|merch/medium/used#gc=N/A,false,,,,,,,false
merch,q_motives_multi,multi,rush,今「買いたい理由」ってどれ？（当てはまるだけ選んでOK／迷ったら1〜3個でもOK）,買いたい気持ち、どれに近い？（いくつでもOKだよ）,回収動機どれ？（複数OK／迷ったら少なめでもOK）,買えた瞬間の高揚感がほしい（脳汁）,買えた瞬間のドキドキ,取得時の高揚,none,flags,flags,merch/long/blind_draw#gc=N/A|merch/long/goods#gc=display_large|merch/long/goods#gc=itabag_badge|merch/long/goods#gc=paper|merch/long/goods#gc=small_collection|merch/long/goods#gc=tech|merch/long/goods#gc=wearable|merch/long/preorder#gc=display_large|merch/long/preorder#gc=itabag_badge|merch/long/preorder#gc=paper|merch/long/preorder#gc=small_collection|merch/long/preorder#gc=tech|merch/long/preorder#gc=wearable|merch/long/ticket#gc=N/A|merch/long/used#gc=display_large|merch/long/used#gc=itabag_badge|merch/long/used#gc=paper|merch/long/used#gc=small_collection|merch/long/used#gc=tech|merch/long/used#gc=wearable|merch/medium/blind_draw#gc=N/A|merch/medium/goods#gc=N/A|merch/medium/preorder#gc=N/A|merch/medium/ticket#gc=N/A|merch/medium/used#gc=N/A,false,,,,,,,false
merch,q_motives_multi,multi,scarce,今「買いたい理由」ってどれ？（当てはまるだけ選んでOK／迷ったら1〜3個でもOK）,買いたい気持ち、どれに近い？（いくつでもOKだよ）,回収動機どれ？（複数OK／迷ったら少なめでもOK）,今逃すと後悔しそう（再入手が難しそう）,今逃すと後悔しそう,再入手難の懸念,none,flags,flags,merch/long/blind_draw#gc=N/A|merch/long/goods#gc=display_large|merch/long/goods#gc=itabag_badge|merch/long/goods#gc=paper|merch/long/goods#gc=small_collection|merch/long/goods#gc=tech|merch/long/goods#gc=wearable|merch/long/preorder#gc=display_large|merch/long/preorder#gc=itabag_badge|merch/long/preorder#gc=paper|merch/long/preorder#gc=small_collection|merch/long/preorder#gc=tech|merch/long/preorder#gc=wearable|merch/long/ticket#gc=N/A|merch/long/used#gc=display_large|merch/long/used#gc=itabag_badge|merch/long/used#gc=paper|merch/long/used#gc=small_collection|merch/long/used#gc=tech|merch/long/used#gc=wearable|merch/medium/blind_draw#gc=N/A|merch/medium/goods#gc=N/A|merch/medium/preorder#gc=N/A|merch/medium/ticket#gc=N/A|merch/medium/used#gc=N/A,false,,,,,,,false
merch,q_motives_multi,multi,support,今「買いたい理由」ってどれ？（当てはまるだけ選んでOK／迷ったら1〜3個でもOK）,買いたい気持ち、どれに近い？（いくつでもOKだよ）,回収動機どれ？（複数OK／迷ったら少なめでもOK）,推しを応援したい（気持ち）,推しを応援したい,推し支援,none,flags,flags,merch/long/blind_draw#gc=N/A|merch/long/goods#gc=display_large|merch/long/goods#gc=itabag_badge|merch/long/goods#gc=paper|merch/long/goods#gc=small_collection|merch/long/goods#gc=tech|merch/long/goods#gc=wearable|merch/long/preorder#gc=display_large|merch/long/preorder#gc=itabag_badge|merch/long/preorder#gc=paper|merch/long/preorder#gc=small_collection|merch/long/preorder#gc=tech|merch/long/preorder#gc=wearable|merch/long/ticket#gc=N/A|merch/long/used#gc=display_large|merch/long/used#gc=itabag_badge|merch/long/used#gc=paper|merch/long/used#gc=small_collection|merch/long/used#gc=tech|merch/long/used#gc=wearable|merch/medium/blind_draw#gc=N/A|merch/medium/goods#gc=N/A|merch/medium/preorder#gc=N/A|merch/medium/ticket#gc=N/A|merch/medium/used#gc=N/A,false,,,,,,,false
merch,q_motives_multi,multi,trend,今「買いたい理由」ってどれ？（当てはまるだけ選んでOK／迷ったら1〜3個でもOK）,買いたい気持ち、どれに近い？（いくつでもOKだよ）,回収動機どれ？（複数OK／迷ったら少なめでもOK）,みんな買ってる／流行ってる（雰囲気）,みんな買ってる,界隈トレンド,none,flags,flags,merch/long/blind_draw#gc=N/A|merch/long/goods#gc=display_large|merch/long/goods#gc=itabag_badge|merch/long/goods#gc=paper|merch/long/goods#gc=small_collection|merch/long/goods#gc=tech|merch/long/goods#gc=wearable|merch/long/preorder#gc=display_large|merch/long/preorder#gc=itabag_badge|merch/long/preorder#gc=paper|merch/long/preorder#gc=small_collection|merch/long/preorder#gc=tech|merch/long/preorder#gc=wearable|merch/long/ticket#gc=N/A|merch/long/used#gc=display_large|merch/long/used#gc=itabag_badge|merch/long/used#gc=paper|merch/long/used#gc=small_collection|merch/long/used#gc=tech|merch/long/used#gc=wearable|merch/medium/blind_draw#gc=N/A|merch/medium/goods#gc=N/A|merch/medium/preorder#gc=N/A|merch/medium/ticket#gc=N/A|merch/medium/used#gc=N/A,false,,,,,,,false
merch,q_motives_multi,multi,use,今「買いたい理由」ってどれ？（当てはまるだけ選んでOK／迷ったら1〜3個でもOK）,買いたい気持ち、どれに近い？（いくつでもOKだよ）,回収動機どれ？（複数OK／迷ったら少なめでもOK）,飾りたい／使いたい（未来がある）,飾りたい／使いたい,運用・展示したい,none,flags,flags,merch/long/blind_draw#gc=N/A|merch/long/goods#gc=display_large|merch/long/goods#gc=itabag_badge|merch/long/goods#gc=paper|merch/long/goods#gc=small_collection|merch/long/goods#gc=tech|merch/long/goods#gc=wearable|merch/long/preorder#gc=display_large|merch/long/preorder#gc=itabag_badge|merch/long/preorder#gc=paper|merch/long/preorder#gc=small_collection|merch/long/preorder#gc=tech|merch/long/preorder#gc=wearable|merch/long/ticket#gc=N/A|merch/long/used#gc=display_large|merch/long/used#gc=itabag_badge|merch/long/used#gc=paper|merch/long/used#gc=small_collection|merch/long/used#gc=tech|merch/long/used#gc=wearable|merch/medium/blind_draw#gc=N/A|merch/medium/goods#gc=N/A|merch/medium/preorder#gc=N/A|merch/medium/ticket#gc=N/A|merch/medium/used#gc=N/A,false,,,,,,,false
merch,q_motives_multi,multi,vague,今「買いたい理由」ってどれ？（当てはまるだけ選んでOK／迷ったら1〜3個でもOK）,買いたい気持ち、どれに近い？（いくつでもOKだよ）,回収動機どれ？（複数OK／迷ったら少なめでもOK）,なんとなく（説明できない）,なんとなく,言語化しづらい,none,flags,flags,merch/long/blind_draw#gc=N/A|merch/long/goods#gc=display_large|merch/long/goods#gc=itabag_badge|merch/long/goods#gc=paper|merch/long/goods#gc=small_collection|merch/long/goods#gc=tech|merch/long/goods#gc=wearable|merch/long/preorder#gc=display_large|merch/long/preorder#gc=itabag_badge|merch/long/preorder#gc=paper|merch/long/preorder#gc=small_collection|merch/long/preorder#gc=tech|merch/long/preorder#gc=wearable|merch/long/ticket#gc=N/A|merch/long/used#gc=display_large|merch/long/used#gc=itabag_badge|merch/long/used#gc=paper|merch/long/used#gc=small_collection|merch/long/used#gc=tech|merch/long/used#gc=wearable|merch/medium/blind_draw#gc=N/A|merch/medium/goods#gc=N/A|merch/medium/preorder#gc=N/A|merch/medium/ticket#gc=N/A|merch/medium/used#gc=N/A,false,,,,,,,false
merch,q_price_feel,single,good,価格の納得感は？,お値段の納得感はどう？,価格感、相場的にどう？,納得できる,いい感じ,納得,none,survey_only,none,merch/long/blind_draw#gc=N/A|merch/long/goods#gc=display_large|merch/long/goods#gc=itabag_badge|merch/long/goods#gc=paper|merch/long/goods#gc=small_collection|merch/long/goods#gc=tech|merch/long/goods#gc=wearable|merch/long/preorder#gc=display_large|merch/long/preorder#gc=itabag_badge|merch/long/preorder#gc=paper|merch/long/preorder#gc=small_collection|merch/long/preorder#gc=tech|merch/long/preorder#gc=wearable|merch/long/ticket#gc=N/A|merch/long/used#gc=display_large|merch/long/used#gc=itabag_badge|merch/long/used#gc=paper|merch/long/used#gc=small_collection|merch/long/used#gc=tech|merch/long/used#gc=wearable|merch/medium/blind_draw#gc=N/A|merch/medium/goods#gc=N/A|merch/medium/preorder#gc=N/A|merch/medium/ticket#gc=N/A|merch/medium/used#gc=N/A,false,,,,,,,false
merch,q_price_feel,single,high,価格の納得感は？,お値段の納得感はどう？,価格感、相場的にどう？,高めに感じる,ちょっと高め,やや高,none,survey_only,none,merch/long/blind_draw#gc=N/A|merch/long/goods#gc=display_large|merch/long/goods#gc=itabag_badge|merch/long/goods#gc=paper|merch/long/goods#gc=small_collection|merch/long/goods#gc=tech|merch/long/goods#gc=wearable|merch/long/preorder#gc=display_large|merch/long/preorder#gc=itabag_badge|merch/long/preorder#gc=paper|merch/long/preorder#gc=small_collection|merch/long/preorder#gc=tech|merch/long/preorder#gc=wearable|merch/long/ticket#gc=N/A|merch/long/used#gc=display_large|merch/long/used#gc=itabag_badge|merch/long/used#gc=paper|merch/long/used#gc=small_collection|merch/long/used#gc=tech|merch/long/used#gc=wearable|merch/medium/blind_draw#gc=N/A|merch/medium/goods#gc=N/A|merch/medium/preorder#gc=N/A|merch/medium/ticket#gc=N/A|merch/medium/used#gc=N/A,false,,,,,,,false
merch,q_price_feel,single,normal,価格の納得感は？,お値段の納得感はどう？,価格感、相場的にどう？,普通,ふつう,標準,none,survey_only,none,merch/long/blind_draw#gc=N/A|merch/long/goods#gc=display_large|merch/long/goods#gc=itabag_badge|merch/long/goods#gc=paper|merch/long/goods#gc=small_collection|merch/long/goods#gc=tech|merch/long/goods#gc=wearable|merch/long/preorder#gc=display_large|merch/long/preorder#gc=itabag_badge|merch/long/preorder#gc=paper|merch/long/preorder#gc=small_collection|merch/long/preorder#gc=tech|merch/long/preorder#gc=wearable|merch/long/ticket#gc=N/A|merch/long/used#gc=display_large|merch/long/used#gc=itabag_badge|merch/long/used#gc=paper|merch/long/used#gc=small_collection|merch/long/used#gc=tech|merch/long/used#gc=wearable|merch/medium/blind_draw#gc=N/A|merch/medium/goods#gc=N/A|merch/medium/preorder#gc=N/A|merch/medium/ticket#gc=N/A|merch/medium/used#gc=N/A,false,,,,,,,false
merch,q_price_feel,single,unknown,価格の納得感は？,お値段の納得感はどう？,価格感、相場的にどう？,まだ比較できていない,まだ比べてない,未比較,none,survey_only,none,merch/long/blind_draw#gc=N/A|merch/long/goods#gc=display_large|merch/long/goods#gc=itabag_badge|merch/long/goods#gc=paper|merch/long/goods#gc=small_collection|merch/long/goods#gc=tech|merch/long/goods#gc=wearable|merch/long/preorder#gc=display_large|merch/long/preorder#gc=itabag_badge|merch/long/preorder#gc=paper|merch/long/preorder#gc=small_collection|merch/long/preorder#gc=tech|merch/long/preorder#gc=wearable|merch/long/ticket#gc=N/A|merch/long/used#gc=display_large|merch/long/used#gc=itabag_badge|merch/long/used#gc=paper|merch/long/used#gc=small_collection|merch/long/used#gc=tech|merch/long/used#gc=wearable|merch/medium/blind_draw#gc=N/A|merch/medium/goods#gc=N/A|merch/medium/preorder#gc=N/A|merch/medium/ticket#gc=N/A|merch/medium/used#gc=N/A,false,,,,,,,false
merch,q_rarity_restock,single,likely,再販（受注/再入荷）しそう？,また会えそう？,再販導線、ありそう？,しそう（高い）,しそう（高い）,しそう（高い）,delta,score,score,merch/long/blind_draw#gc=N/A|merch/long/goods#gc=display_large|merch/long/goods#gc=itabag_badge|merch/long/goods#gc=paper|merch/long/goods#gc=small_collection|merch/long/goods#gc=tech|merch/long/goods#gc=wearable|merch/long/preorder#gc=display_large|merch/long/preorder#gc=itabag_badge|merch/long/preorder#gc=paper|merch/long/preorder#gc=small_collection|merch/long/preorder#gc=tech|merch/long/preorder#gc=wearable|merch/long/ticket#gc=N/A|merch/long/used#gc=display_large|merch/long/used#gc=itabag_badge|merch/long/used#gc=paper|merch/long/used#gc=small_collection|merch/long/used#gc=tech|merch/long/used#gc=wearable|merch/medium/blind_draw#gc=N/A|merch/medium/goods#gc=N/A|merch/medium/preorder#gc=N/A|merch/medium/ticket#gc=N/A|merch/medium/used#gc=N/A|merch/short/blind_draw#gc=N/A|merch/short/goods#gc=N/A|merch/short/preorder#gc=N/A|merch/short/ticket#gc=N/A|merch/short/used#gc=N/A,false,,rarity:35;restockChance:80,restock_high,,,,false
merch,q_rarity_restock,single,maybe,再販（受注/再入荷）しそう？,また会えそう？,再販導線、ありそう？,たぶん（中）,たぶん（中）,たぶん（中）,delta,score,score,merch/long/blind_draw#gc=N/A|merch/long/goods#gc=display_large|merch/long/goods#gc=itabag_badge|merch/long/goods#gc=paper|merch/long/goods#gc=small_collection|merch/long/goods#gc=tech|merch/long/goods#gc=wearable|merch/long/preorder#gc=display_large|merch/long/preorder#gc=itabag_badge|merch/long/preorder#gc=paper|merch/long/preorder#gc=small_collection|merch/long/preorder#gc=tech|merch/long/preorder#gc=wearable|merch/long/ticket#gc=N/A|merch/long/used#gc=display_large|merch/long/used#gc=itabag_badge|merch/long/used#gc=paper|merch/long/used#gc=small_collection|merch/long/used#gc=tech|merch/long/used#gc=wearable|merch/medium/blind_draw#gc=N/A|merch/medium/goods#gc=N/A|merch/medium/preorder#gc=N/A|merch/medium/ticket#gc=N/A|merch/medium/used#gc=N/A|merch/short/blind_draw#gc=N/A|merch/short/goods#gc=N/A|merch/short/preorder#gc=N/A|merch/short/ticket#gc=N/A|merch/short/used#gc=N/A,false,,rarity:50;restockChance:55,restock_mid,,,,false
merch,q_rarity_restock,single,unknown,再販（受注/再入荷）しそう？,また会えそう？,再販導線、ありそう？,わからない,わからない,わからない,delta,score,score,merch/long/blind_draw#gc=N/A|merch/long/goods#gc=display_large|merch/long/goods#gc=itabag_badge|merch/long/goods#gc=paper|merch/long/goods#gc=small_collection|merch/long/goods#gc=tech|merch/long/goods#gc=wearable|merch/long/preorder#gc=display_large|merch/long/preorder#gc=itabag_badge|merch/long/preorder#gc=paper|merch/long/preorder#gc=small_collection|merch/long/preorder#gc=tech|merch/long/preorder#gc=wearable|merch/long/ticket#gc=N/A|merch/long/used#gc=display_large|merch/long/used#gc=itabag_badge|merch/long/used#gc=paper|merch/long/used#gc=small_collection|merch/long/used#gc=tech|merch/long/used#gc=wearable|merch/medium/blind_draw#gc=N/A|merch/medium/goods#gc=N/A|merch/medium/preorder#gc=N/A|merch/medium/ticket#gc=N/A|merch/medium/used#gc=N/A|merch/short/blind_draw#gc=N/A|merch/short/goods#gc=N/A|merch/short/preorder#gc=N/A|merch/short/ticket#gc=N/A|merch/short/used#gc=N/A,false,,rarity:50;restockChance:50,unknown_restock,,,,false
merch,q_rarity_restock,single,unlikely,再販（受注/再入荷）しそう？,また会えそう？,再販導線、ありそう？,しなさそう（低い）,しなさそう（低い）,しなさそう（低い）,delta,score,score,merch/long/blind_draw#gc=N/A|merch/long/goods#gc=display_large|merch/long/goods#gc=itabag_badge|merch/long/goods#gc=paper|merch/long/goods#gc=small_collection|merch/long/goods#gc=tech|merch/long/goods#gc=wearable|merch/long/preorder#gc=display_large|merch/long/preorder#gc=itabag_badge|merch/long/preorder#gc=paper|merch/long/preorder#gc=small_collection|merch/long/preorder#gc=tech|merch/long/preorder#gc=wearable|merch/long/ticket#gc=N/A|merch/long/used#gc=display_large|merch/long/used#gc=itabag_badge|merch/long/used#gc=paper|merch/long/used#gc=small_collection|merch/long/used#gc=tech|merch/long/used#gc=wearable|merch/medium/blind_draw#gc=N/A|merch/medium/goods#gc=N/A|merch/medium/preorder#gc=N/A|merch/medium/ticket#gc=N/A|merch/medium/used#gc=N/A|merch/short/blind_draw#gc=N/A|merch/short/goods#gc=N/A|merch/short/preorder#gc=N/A|merch/short/ticket#gc=N/A|merch/short/used#gc=N/A,false,,rarity:75;restockChance:25,restock_low,,,,false
merch,q_regret_impulse,single,calm,いまの自分、どれに近い？（衝動/後悔リスク）,いまの気分、どれが近い？,現在のメンタル状態、どれに近い？,冷静（後悔しにくい）,冷静（後悔しにくい）,冷静（後悔しにくい）,delta,score,score,merch/long/blind_draw#gc=N/A|merch/long/goods#gc=display_large|merch/long/goods#gc=itabag_badge|merch/long/goods#gc=paper|merch/long/goods#gc=small_collection|merch/long/goods#gc=tech|merch/long/goods#gc=wearable|merch/long/preorder#gc=display_large|merch/long/preorder#gc=itabag_badge|merch/long/preorder#gc=paper|merch/long/preorder#gc=small_collection|merch/long/preorder#gc=tech|merch/long/preorder#gc=wearable|merch/long/ticket#gc=N/A|merch/long/used#gc=display_large|merch/long/used#gc=itabag_badge|merch/long/used#gc=paper|merch/long/used#gc=small_collection|merch/long/used#gc=tech|merch/long/used#gc=wearable|merch/medium/blind_draw#gc=N/A|merch/medium/goods#gc=N/A|merch/medium/preorder#gc=N/A|merch/medium/ticket#gc=N/A|merch/medium/used#gc=N/A|merch/short/blind_draw#gc=N/A|merch/short/goods#gc=N/A|merch/short/preorder#gc=N/A|merch/short/ticket#gc=N/A|merch/short/used#gc=N/A,false,,impulse:25;regretRisk:35,state_calm,,,,false
merch,q_regret_impulse,single,excited,いまの自分、どれに近い？（衝動/後悔リスク）,いまの気分、どれが近い？,現在のメンタル状態、どれに近い？,テンション高め（勢い）,テンション高め（勢い）,テンション高め（勢い）,delta,score,score,merch/long/blind_draw#gc=N/A|merch/long/goods#gc=display_large|merch/long/goods#gc=itabag_badge|merch/long/goods#gc=paper|merch/long/goods#gc=small_collection|merch/long/goods#gc=tech|merch/long/goods#gc=wearable|merch/long/preorder#gc=display_large|merch/long/preorder#gc=itabag_badge|merch/long/preorder#gc=paper|merch/long/preorder#gc=small_collection|merch/long/preorder#gc=tech|merch/long/preorder#gc=wearable|merch/long/ticket#gc=N/A|merch/long/used#gc=display_large|merch/long/used#gc=itabag_badge|merch/long/used#gc=paper|merch/long/used#gc=small_collection|merch/long/used#gc=tech|merch/long/used#gc=wearable|merch/medium/blind_draw#gc=N/A|merch/medium/goods#gc=N/A|merch/medium/preorder#gc=N/A|merch/medium/ticket#gc=N/A|merch/medium/used#gc=N/A|merch/short/blind_draw#gc=N/A|merch/short/goods#gc=N/A|merch/short/preorder#gc=N/A|merch/short/ticket#gc=N/A|merch/short/used#gc=N/A,false,,impulse:65;regretRisk:55,state_excited,,,,false
merch,q_regret_impulse,single,fomo,いまの自分、どれに近い？（衝動/後悔リスク）,いまの気分、どれが近い？,現在のメンタル状態、どれに近い？,焦ってる（今しかない圧）,焦ってる（今しかない圧）,焦ってる（今しかない圧）,delta,score,score,merch/long/blind_draw#gc=N/A|merch/long/goods#gc=display_large|merch/long/goods#gc=itabag_badge|merch/long/goods#gc=paper|merch/long/goods#gc=small_collection|merch/long/goods#gc=tech|merch/long/goods#gc=wearable|merch/long/preorder#gc=display_large|merch/long/preorder#gc=itabag_badge|merch/long/preorder#gc=paper|merch/long/preorder#gc=small_collection|merch/long/preorder#gc=tech|merch/long/preorder#gc=wearable|merch/long/ticket#gc=N/A|merch/long/used#gc=display_large|merch/long/used#gc=itabag_badge|merch/long/used#gc=paper|merch/long/used#gc=small_collection|merch/long/used#gc=tech|merch/long/used#gc=wearable|merch/medium/blind_draw#gc=N/A|merch/medium/goods#gc=N/A|merch/medium/preorder#gc=N/A|merch/medium/ticket#gc=N/A|merch/medium/used#gc=N/A|merch/short/blind_draw#gc=N/A|merch/short/goods#gc=N/A|merch/short/preorder#gc=N/A|merch/short/ticket#gc=N/A|merch/short/used#gc=N/A,false,,impulse:75;regretRisk:65;urgency:70,state_fomo,,,,false
merch,q_regret_impulse,single,tired,いまの自分、どれに近い？（衝動/後悔リスク）,いまの気分、どれが近い？,現在のメンタル状態、どれに近い？,疲れてる/メンタル弱り気味,疲れてる/メンタル弱り気味,疲れてる/メンタル弱り気味,delta,score,score,merch/long/blind_draw#gc=N/A|merch/long/goods#gc=display_large|merch/long/goods#gc=itabag_badge|merch/long/goods#gc=paper|merch/long/goods#gc=small_collection|merch/long/goods#gc=tech|merch/long/goods#gc=wearable|merch/long/preorder#gc=display_large|merch/long/preorder#gc=itabag_badge|merch/long/preorder#gc=paper|merch/long/preorder#gc=small_collection|merch/long/preorder#gc=tech|merch/long/preorder#gc=wearable|merch/long/ticket#gc=N/A|merch/long/used#gc=display_large|merch/long/used#gc=itabag_badge|merch/long/used#gc=paper|merch/long/used#gc=small_collection|merch/long/used#gc=tech|merch/long/used#gc=wearable|merch/medium/blind_draw#gc=N/A|merch/medium/goods#gc=N/A|merch/medium/preorder#gc=N/A|merch/medium/ticket#gc=N/A|merch/medium/used#gc=N/A|merch/short/blind_draw#gc=N/A|merch/short/goods#gc=N/A|merch/short/preorder#gc=N/A|merch/short/ticket#gc=N/A|merch/short/used#gc=N/A,false,,impulse:70;regretRisk:70,state_tired,,,,false
merch,q_storage_fit,single,CONFIRMED,置き場所、決まってる？,おうちに置くとこ、ある？,置き場ある？（棚/ケース確保済み？）,ある（もう決まってる）,あるよ！（もう決めた）,確保済み（勝ち）,storage_gate,storage_gate,storage,merch/long/blind_draw#gc=N/A|merch/long/goods#gc=display_large|merch/long/goods#gc=paper|merch/long/goods#gc=small_collection|merch/long/goods#gc=tech|merch/long/goods#gc=wearable|merch/long/preorder#gc=display_large|merch/long/preorder#gc=paper|merch/long/preorder#gc=small_collection|merch/long/preorder#gc=tech|merch/long/preorder#gc=wearable|merch/long/used#gc=display_large|merch/long/used#gc=paper|merch/long/used#gc=small_collection|merch/long/used#gc=tech|merch/long/used#gc=wearable|merch/medium/blind_draw#gc=N/A|merch/medium/goods#gc=N/A|merch/medium/preorder#gc=N/A|merch/medium/used#gc=N/A|merch/short/blind_draw#gc=N/A|merch/short/goods#gc=N/A|merch/short/preorder#gc=N/A|merch/short/used#gc=N/A,false,,,,,,,false
merch,q_storage_fit,single,NONE,置き場所、決まってる？,おうちに置くとこ、ある？,置き場ある？（棚/ケース確保済み？）,今はない,いまはない…,今はムリ（圧迫）,storage_gate,storage_gate,storage,merch/long/blind_draw#gc=N/A|merch/long/goods#gc=display_large|merch/long/goods#gc=paper|merch/long/goods#gc=small_collection|merch/long/goods#gc=tech|merch/long/goods#gc=wearable|merch/long/preorder#gc=display_large|merch/long/preorder#gc=paper|merch/long/preorder#gc=small_collection|merch/long/preorder#gc=tech|merch/long/preorder#gc=wearable|merch/long/used#gc=display_large|merch/long/used#gc=paper|merch/long/used#gc=small_collection|merch/long/used#gc=tech|merch/long/used#gc=wearable|merch/medium/blind_draw#gc=N/A|merch/medium/goods#gc=N/A|merch/medium/preorder#gc=N/A|merch/medium/used#gc=N/A|merch/short/blind_draw#gc=N/A|merch/short/goods#gc=N/A|merch/short/preorder#gc=N/A|merch/short/used#gc=N/A,false,,,,,,,false
merch,q_storage_fit,single,PROBABLE,置き場所、決まってる？,おうちに置くとこ、ある？,置き場ある？（棚/ケース確保済み？）,たぶんある（片付ければ）,たぶんある…！（片付ければ）,片付ければいける,storage_gate,storage_gate,storage,merch/long/blind_draw#gc=N/A|merch/long/goods#gc=display_large|merch/long/goods#gc=paper|merch/long/goods#gc=small_collection|merch/long/goods#gc=tech|merch/long/goods#gc=wearable|merch/long/preorder#gc=display_large|merch/long/preorder#gc=paper|merch/long/preorder#gc=small_collection|merch/long/preorder#gc=tech|merch/long/preorder#gc=wearable|merch/long/used#gc=display_large|merch/long/used#gc=paper|merch/long/used#gc=small_collection|merch/long/used#gc=tech|merch/long/used#gc=wearable|merch/medium/blind_draw#gc=N/A|merch/medium/goods#gc=N/A|merch/medium/preorder#gc=N/A|merch/medium/used#gc=N/A|merch/short/blind_draw#gc=N/A|merch/short/goods#gc=N/A|merch/short/preorder#gc=N/A|merch/short/used#gc=N/A,false,,,,,,,false
merch,q_storage_fit,single,UNKNOWN,置き場所、決まってる？,おうちに置くとこ、ある？,置き場ある？（棚/ケース確保済み？）,わからない（先に確認する）,わかんない（先に見てくる）,未確認（先に確認）,storage_gate,storage_gate,storage,merch/long/blind_draw#gc=N/A|merch/long/goods#gc=display_large|merch/long/goods#gc=paper|merch/long/goods#gc=small_collection|merch/long/goods#gc=tech|merch/long/goods#gc=wearable|merch/long/preorder#gc=display_large|merch/long/preorder#gc=paper|merch/long/preorder#gc=small_collection|merch/long/preorder#gc=tech|merch/long/preorder#gc=wearable|merch/long/used#gc=display_large|merch/long/used#gc=paper|merch/long/used#gc=small_collection|merch/long/used#gc=tech|merch/long/used#gc=wearable|merch/medium/blind_draw#gc=N/A|merch/medium/goods#gc=N/A|merch/medium/preorder#gc=N/A|merch/medium/used#gc=N/A|merch/short/blind_draw#gc=N/A|merch/short/goods#gc=N/A|merch/short/preorder#gc=N/A|merch/short/used#gc=N/A,false,,,,,,,false
merch,q_storage_space,single,adjust,置き場所・保管の見通しは？,置き場所だいじょうぶ？,保管キャパは確保できる？,少し工夫が必要,少し工夫する,調整が必要,none,survey_only,none,merch/long/blind_draw#gc=N/A|merch/long/goods#gc=display_large|merch/long/goods#gc=itabag_badge|merch/long/goods#gc=paper|merch/long/goods#gc=small_collection|merch/long/goods#gc=tech|merch/long/goods#gc=wearable|merch/long/preorder#gc=display_large|merch/long/preorder#gc=itabag_badge|merch/long/preorder#gc=paper|merch/long/preorder#gc=small_collection|merch/long/preorder#gc=tech|merch/long/preorder#gc=wearable|merch/long/ticket#gc=N/A|merch/long/used#gc=display_large|merch/long/used#gc=itabag_badge|merch/long/used#gc=paper|merch/long/used#gc=small_collection|merch/long/used#gc=tech|merch/long/used#gc=wearable|merch/medium/blind_draw#gc=N/A|merch/medium/goods#gc=N/A|merch/medium/preorder#gc=N/A|merch/medium/ticket#gc=N/A|merch/medium/used#gc=N/A,false,,,,,,,false
merch,q_storage_space,single,enough,置き場所・保管の見通しは？,置き場所だいじょうぶ？,保管キャパは確保できる？,問題ない,問題ない,問題なし,none,survey_only,none,merch/long/blind_draw#gc=N/A|merch/long/goods#gc=display_large|merch/long/goods#gc=itabag_badge|merch/long/goods#gc=paper|merch/long/goods#gc=small_collection|merch/long/goods#gc=tech|merch/long/goods#gc=wearable|merch/long/preorder#gc=display_large|merch/long/preorder#gc=itabag_badge|merch/long/preorder#gc=paper|merch/long/preorder#gc=small_collection|merch/long/preorder#gc=tech|merch/long/preorder#gc=wearable|merch/long/ticket#gc=N/A|merch/long/used#gc=display_large|merch/long/used#gc=itabag_badge|merch/long/used#gc=paper|merch/long/used#gc=small_collection|merch/long/used#gc=tech|merch/long/used#gc=wearable|merch/medium/blind_draw#gc=N/A|merch/medium/goods#gc=N/A|merch/medium/preorder#gc=N/A|merch/medium/ticket#gc=N/A|merch/medium/used#gc=N/A,false,,,,,,,false
merch,q_storage_space,single,tight,置き場所・保管の見通しは？,置き場所だいじょうぶ？,保管キャパは確保できる？,かなり厳しい,かなりきびしい,厳しい,none,survey_only,none,merch/long/blind_draw#gc=N/A|merch/long/goods#gc=display_large|merch/long/goods#gc=itabag_badge|merch/long/goods#gc=paper|merch/long/goods#gc=small_collection|merch/long/goods#gc=tech|merch/long/goods#gc=wearable|merch/long/preorder#gc=display_large|merch/long/preorder#gc=itabag_badge|merch/long/preorder#gc=paper|merch/long/preorder#gc=small_collection|merch/long/preorder#gc=tech|merch/long/preorder#gc=wearable|merch/long/ticket#gc=N/A|merch/long/used#gc=display_large|merch/long/used#gc=itabag_badge|merch/long/used#gc=paper|merch/long/used#gc=small_collection|merch/long/used#gc=tech|merch/long/used#gc=wearable|merch/medium/blind_draw#gc=N/A|merch/medium/goods#gc=N/A|merch/medium/preorder#gc=N/A|merch/medium/ticket#gc=N/A|merch/medium/used#gc=N/A,false,,,,,,,false
merch,q_urgency,single,last,今買わないとどうなる？（急ぎ度）,今買わないとどうなるかな？,今回収しないと取り逃しそう？,ほぼラスト/今日が期限,ほぼラスト/今日まで,実質ラストチャンス,delta,score,score,merch/long/blind_draw#gc=N/A|merch/long/goods#gc=display_large|merch/long/goods#gc=itabag_badge|merch/long/goods#gc=paper|merch/long/goods#gc=small_collection|merch/long/goods#gc=tech|merch/long/goods#gc=wearable|merch/long/preorder#gc=display_large|merch/long/preorder#gc=itabag_badge|merch/long/preorder#gc=paper|merch/long/preorder#gc=small_collection|merch/long/preorder#gc=tech|merch/long/preorder#gc=wearable|merch/long/ticket#gc=N/A|merch/long/used#gc=display_large|merch/long/used#gc=itabag_badge|merch/long/used#gc=paper|merch/long/used#gc=small_collection|merch/long/used#gc=tech|merch/long/used#gc=wearable|merch/medium/blind_draw#gc=N/A|merch/medium/goods#gc=N/A|merch/medium/preorder#gc=N/A|merch/medium/ticket#gc=N/A|merch/medium/used#gc=N/A|merch/short/blind_draw#gc=N/A|merch/short/goods#gc=N/A|merch/short/preorder#gc=N/A|merch/short/ticket#gc=N/A|merch/short/used#gc=N/A,false,,rarity:70;restockChance:25;urgency:85,urgency_high,,,,false
merch,q_urgency,single,low_stock,今買わないとどうなる？（急ぎ度）,今買わないとどうなるかな？,今回収しないと取り逃しそう？,在庫が減ってる/締切が近い,在庫へってる/締切近い,残数少なめ/締切近い,delta,score,score,merch/long/blind_draw#gc=N/A|merch/long/goods#gc=display_large|merch/long/goods#gc=itabag_badge|merch/long/goods#gc=paper|merch/long/goods#gc=small_collection|merch/long/goods#gc=tech|merch/long/goods#gc=wearable|merch/long/preorder#gc=display_large|merch/long/preorder#gc=itabag_badge|merch/long/preorder#gc=paper|merch/long/preorder#gc=small_collection|merch/long/preorder#gc=tech|merch/long/preorder#gc=wearable|merch/long/ticket#gc=N/A|merch/long/used#gc=display_large|merch/long/used#gc=itabag_badge|merch/long/used#gc=paper|merch/long/used#gc=small_collection|merch/long/used#gc=tech|merch/long/used#gc=wearable|merch/medium/blind_draw#gc=N/A|merch/medium/goods#gc=N/A|merch/medium/preorder#gc=N/A|merch/medium/ticket#gc=N/A|merch/medium/used#gc=N/A|merch/short/blind_draw#gc=N/A|merch/short/goods#gc=N/A|merch/short/preorder#gc=N/A|merch/short/ticket#gc=N/A|merch/short/used#gc=N/A,false,,rarity:55;restockChance:45;urgency:55,urgency_mid,,,,false
merch,q_urgency,single,not_urgent,今買わないとどうなる？（急ぎ度）,今買わないとどうなるかな？,今回収しないと取り逃しそう？,いつでも買えそう,あとでも買えそう,まだ追える,delta,score,score,merch/long/blind_draw#gc=N/A|merch/long/goods#gc=display_large|merch/long/goods#gc=itabag_badge|merch/long/goods#gc=paper|merch/long/goods#gc=small_collection|merch/long/goods#gc=tech|merch/long/goods#gc=wearable|merch/long/preorder#gc=display_large|merch/long/preorder#gc=itabag_badge|merch/long/preorder#gc=paper|merch/long/preorder#gc=small_collection|merch/long/preorder#gc=tech|merch/long/preorder#gc=wearable|merch/long/ticket#gc=N/A|merch/long/used#gc=display_large|merch/long/used#gc=itabag_badge|merch/long/used#gc=paper|merch/long/used#gc=small_collection|merch/long/used#gc=tech|merch/long/used#gc=wearable|merch/medium/blind_draw#gc=N/A|merch/medium/goods#gc=N/A|merch/medium/preorder#gc=N/A|merch/medium/ticket#gc=N/A|merch/medium/used#gc=N/A|merch/short/blind_draw#gc=N/A|merch/short/goods#gc=N/A|merch/short/preorder#gc=N/A|merch/short/ticket#gc=N/A|merch/short/used#gc=N/A,false,,rarity:30;restockChance:70;urgency:20,urgency_low,,,,false
merch,q_urgency,single,unknown,今買わないとどうなる？（急ぎ度）,今買わないとどうなるかな？,今回収しないと取り逃しそう？,わからない,まだわからない,情報不足,delta,score,score,merch/long/blind_draw#gc=N/A|merch/long/goods#gc=display_large|merch/long/goods#gc=itabag_badge|merch/long/goods#gc=paper|merch/long/goods#gc=small_collection|merch/long/goods#gc=tech|merch/long/goods#gc=wearable|merch/long/preorder#gc=display_large|merch/long/preorder#gc=itabag_badge|merch/long/preorder#gc=paper|merch/long/preorder#gc=small_collection|merch/long/preorder#gc=tech|merch/long/preorder#gc=wearable|merch/long/ticket#gc=N/A|merch/long/used#gc=display_large|merch/long/used#gc=itabag_badge|merch/long/used#gc=paper|merch/long/used#gc=small_collection|merch/long/used#gc=tech|merch/long/used#gc=wearable|merch/medium/blind_draw#gc=N/A|merch/medium/goods#gc=N/A|merch/medium/preorder#gc=N/A|merch/medium/ticket#gc=N/A|merch/medium/used#gc=N/A|merch/short/blind_draw#gc=N/A|merch/short/goods#gc=N/A|merch/short/preorder#gc=N/A|merch/short/ticket#gc=N/A|merch/short/used#gc=N/A,false,,urgency:50,unknown_urgency,,,,false
